country_name,iso3_code,births_2022
WORLD,,136274.979
WORLD,,134716.137
WORLD,,131966.676
WORLD,,130866.794
Sub-Saharan Africa,,36089.504
Sub-Saharan Africa,,36738.182
Sub-Saharan Africa,,37300.352
Sub-Saharan Africa,,37898.328
Northern Africa and Western Asia,,11556.858
Northern Africa and Western Asia,,11489.952
Northern Africa and Western Asia,,11451.661
Northern Africa and Western Asia,,11369.239
Central and Southern Asia,,37935.492
Central and Southern Asia,,37322.62
Central and Southern Asia,,36933.892
Central and Southern Asia,,36901.981
Eastern and South-Eastern Asia,,28353.239
Eastern and South-Eastern Asia,,27371.168
Eastern and South-Eastern Asia,,24917.361
Eastern and South-Eastern Asia,,23477.435
Latin America and the Caribbean,,10133.251
Latin America and the Caribbean,,9914.443
Latin America and the Caribbean,,9735.16
Latin America and the Caribbean,,9593.959
Oceania (excluding Australia and New Zealand),,318.924
Oceania (excluding Australia and New Zealand),,319.967
Oceania (excluding Australia and New Zealand),,321.683
Oceania (excluding Australia and New Zealand),,322.272
Australia/New Zealand,,376.127
Australia/New Zealand,,367.231
Australia/New Zealand,,358.599
Australia/New Zealand,,361.103
Europe and Northern America,,11503.01
Europe and Northern America,,11187.821
Europe and Northern America,,10940.954
Europe and Northern America,,10938.014
More developed regions,,12762.816
More developed regions,,12391.182
More developed regions,,12125.897
More developed regions,,12116.403
Less developed regions,,123511.814
Less developed regions,,122324.196
Less developed regions,,119840.586
Less developed regions,,118750.606
Least developed countries,,31724.699
Least developed countries,,32290.563
Least developed countries,,32768.057
Least developed countries,,33270.799
"Less developed regions, excluding least developed countries",,91784.607
"Less developed regions, excluding least developed countries",,90031.829
"Less developed regions, excluding least developed countries",,87070.308
"Less developed regions, excluding least developed countries",,85478.321
"Less developed regions, excluding China",,107827.411
"Less developed regions, excluding China",,107513.882
"Less developed regions, excluding China",,107410.267
"Less developed regions, excluding China",,107683.044
Land-locked Developing Countries (LLDC),,15916.205
Land-locked Developing Countries (LLDC),,16218.137
Land-locked Developing Countries (LLDC),,16486.37
Land-locked Developing Countries (LLDC),,16684.334
Small Island Developing States (SIDS),,1257.176
Small Island Developing States (SIDS),,1253.006
Small Island Developing States (SIDS),,1245.688
Small Island Developing States (SIDS),,1237.315
High-income countries,,12615.03
High-income countries,,12383.408
High-income countries,,12169.767
High-income countries,,12139.924
Middle-income countries,,100489.263
Middle-income countries,,98711.079
Middle-income countries,,95758.729
Middle-income countries,,94259.187
Upper-middle-income countries,,31884.574
Upper-middle-income countries,,30668.393
Upper-middle-income countries,,28022.146
Upper-middle-income countries,,26434.927
Lower-middle-income countries,,68598.584
Lower-middle-income countries,,68040.79
Lower-middle-income countries,,67731.671
Lower-middle-income countries,,67821.129
Low-income countries,,22621.697
Low-income countries,,23118.672
Low-income countries,,23566.125
Low-income countries,,24010.671
No income group available,,546.591
No income group available,,500.789
No income group available,,469.937
No income group available,,455.856
AFRICA,,42025.627
AFRICA,,42615.541
AFRICA,,43146.702
AFRICA,,43713.195
Eastern Africa,,14132.586
Eastern Africa,,14391.332
Eastern Africa,,14623.119
Eastern Africa,,14849.663
Burundi,BDI,409.406
Burundi,BDI,416.63
Burundi,BDI,421.064
Burundi,BDI,423.658
Comoros,COM,23.043
Comoros,COM,23.151
Comoros,COM,23.208
Comoros,COM,23.279
Djibouti,DJI,23.431
Djibouti,DJI,23.582
Djibouti,DJI,23.678
Djibouti,DJI,23.74
Eritrea,ERI,97.868
Eritrea,ERI,99.009
Eritrea,ERI,99.651
Eritrea,ERI,101.242
Ethiopia,ETH,3549.317
Ethiopia,ETH,3663.43
Ethiopia,ETH,3725.142
Ethiopia,ETH,3780.606
Kenya,KEN,1419.217
Kenya,KEN,1412.009
Kenya,KEN,1417.397
Kenya,KEN,1430.189
Madagascar,MDG,833.649
Madagascar,MDG,845.323
Madagascar,MDG,857.391
Madagascar,MDG,867.928
Malawi,MWI,606.213
Malawi,MWI,617.453
Malawi,MWI,627.928
Malawi,MWI,637.864
Mauritius,MUS,13.277
Mauritius,MUS,13.124
Mauritius,MUS,13.297
Mauritius,MUS,13.267
Mayotte,MYT,10.559
Mayotte,MYT,10.927
Mayotte,MYT,10.556
Mayotte,MYT,10.604
Mozambique,MOZ,1062.233
Mozambique,MOZ,1082.738
Mozambique,MOZ,1104.167
Mozambique,MOZ,1125.799
Réunion,REU,14.464
Réunion,REU,14.278
Réunion,REU,14.132
Réunion,REU,13.999
Rwanda,RWA,379.905
Rwanda,RWA,384.607
Rwanda,RWA,388.064
Rwanda,RWA,393.445
Seychelles,SYC,1.716
Seychelles,SYC,1.686
Seychelles,SYC,1.651
Seychelles,SYC,1.625
Somalia,SOM,653.281
Somalia,SOM,671.702
Somalia,SOM,688.43
Somalia,SOM,704.059
South Sudan,SSD,301.986
South Sudan,SSD,288.513
South Sudan,SSD,295.147
South Sudan,SSD,297.836
Uganda,UGA,1533.176
Uganda,UGA,1570.393
Uganda,UGA,1608.556
Uganda,UGA,1642.19
United Republic of Tanzania,TZA,2112.5
United Republic of Tanzania,TZA,2155.212
United Republic of Tanzania,TZA,2194.167
United Republic of Tanzania,TZA,2235.407
Zambia,ZMB,618.903
Zambia,ZMB,627.918
Zambia,ZMB,638.202
Zambia,ZMB,649.282
Zimbabwe,ZWE,468.496
Zimbabwe,ZWE,469.639
Zimbabwe,ZWE,471.214
Zimbabwe,ZWE,473.57
Middle Africa,,6806.756
Middle Africa,,6964.095
Middle Africa,,7117.314
Middle Africa,,7283.612
Angola,AGO,1204.595
Angola,AGO,1231.87
Angola,AGO,1260.616
Angola,AGO,1286.766
Cameroon,CMR,882.371
Cameroon,CMR,894.09
Cameroon,CMR,903.212
Cameroon,CMR,913.361
Central African Republic,CAF,202.585
Central African Republic,CAF,207.502
Central African Republic,CAF,214.105
Central African Republic,CAF,222.643
Chad,TCD,653.289
Chad,TCD,675.064
Chad,TCD,691.134
Chad,TCD,706.141
Congo,COG,170.901
Congo,COG,171.231
Congo,COG,172.741
Congo,COG,174.283
Democratic Republic of the Congo,COD,3578.464
Democratic Republic of the Congo,COD,3669.277
Democratic Republic of the Congo,COD,3759.997
Democratic Republic of the Congo,COD,3864.669
Equatorial Guinea,GNQ,46.516
Equatorial Guinea,GNQ,46.996
Equatorial Guinea,GNQ,47.511
Equatorial Guinea,GNQ,47.55
Gabon,GAB,61.797
Gabon,GAB,61.854
Gabon,GAB,61.806
Gabon,GAB,61.903
Sao Tome and Principe,STP,6.19
Sao Tome and Principe,STP,6.157
Sao Tome and Principe,STP,6.149
Sao Tome and Principe,STP,6.251
Northern Africa,,5935.78
Northern Africa,,5876.922
Northern Africa,,5846.02
Northern Africa,,5814.531
Algeria,DZA,991.64
Algeria,DZA,977.837
Algeria,DZA,958.076
Algeria,DZA,935.085
Egypt,EGY,2508.847
Egypt,EGY,2451.89
Egypt,EGY,2441.066
Egypt,EGY,2430.33
Libya,LBY,123.694
Libya,LBY,121.942
Libya,LBY,120.726
Libya,LBY,119.101
Morocco,MAR,666.122
Morocco,MAR,656.443
Morocco,MAR,647.003
Morocco,MAR,641.736
Sudan,SDN,1426.958
Sudan,SDN,1454.431
Sudan,SDN,1470.023
Sudan,SDN,1483.986
Tunisia,TUN,209.12
Tunisia,TUN,204.963
Tunisia,TUN,199.762
Tunisia,TUN,194.998
Western Sahara,ESH,9.309
Western Sahara,ESH,9.308
Western Sahara,ESH,9.247
Southern Africa,,1398.92
Southern Africa,,1420.289
Southern Africa,,1384.285
Southern Africa,,1360.828
Botswana,BWA,60.163
Botswana,BWA,60.319
Botswana,BWA,59.78
Botswana,BWA,59.251
Eswatini,SWZ,28.973
Eswatini,SWZ,28.578
Eswatini,SWZ,28.232
Eswatini,SWZ,27.914
Lesotho,LSO,56.902
Lesotho,LSO,56.714
Lesotho,LSO,56.46
Lesotho,LSO,56.603
Namibia,NAM,68.028
Namibia,NAM,67.877
Namibia,NAM,67.701
Namibia,NAM,67.796
South Africa,ZAF,1184.869
South Africa,ZAF,1206.809
South Africa,ZAF,1172.109
South Africa,ZAF,1149.26
Western Africa,,13751.136
Western Africa,,13962.375
Western Africa,,14175.369
Western Africa,,14403.975
Benin,BEN,434.693
Benin,BEN,441.835
Benin,BEN,448.204
Benin,BEN,454.92
Burkina Faso,BFA,728.334
Burkina Faso,BFA,736.803
Burkina Faso,BFA,744.797
Burkina Faso,BFA,754.125
Cabo Verde,CPV,10.069
Cabo Verde,CPV,9.977
Cabo Verde,CPV,9.903
Cabo Verde,CPV,9.876
Côte d'Ivoire,CIV,850.89
Côte d'Ivoire,CIV,862.375
Côte d'Ivoire,CIV,875.926
Côte d'Ivoire,CIV,891.654
Gambia,GMB,83.0
Gambia,GMB,83.677
Gambia,GMB,84.469
Gambia,GMB,85.508
Ghana,GHA,869.57
Ghana,GHA,874.68
Ghana,GHA,876.581
Ghana,GHA,879.551
Guinea,GIN,427.707
Guinea,GIN,432.935
Guinea,GIN,438.187
Guinea,GIN,442.783
Guinea-Bissau,GNB,60.146
Guinea-Bissau,GNB,60.567
Guinea-Bissau,GNB,61.083
Guinea-Bissau,GNB,61.475
Liberia,LBR,152.716
Liberia,LBR,153.262
Liberia,LBR,154.094
Liberia,LBR,155.385
Mali,MLI,815.748
Mali,MLI,832.28
Mali,MLI,851.461
Mali,MLI,872.528
Mauritania,MRT,140.291
Mauritania,MRT,142.184
Mauritania,MRT,144.73
Mauritania,MRT,147.564
Niger,NER,1002.507
Niger,NER,1036.231
Niger,NER,1069.907
Niger,NER,1104.024
Nigeria,NGA,7156.402
Nigeria,NGA,7264.42
Nigeria,NGA,7373.502
Nigeria,NGA,7490.708
Saint Helena,SHN,0.044
Saint Helena,SHN,0.043
Saint Helena,SHN,0.041
Senegal,SEN,516.636
Senegal,SEN,523.61
Senegal,SEN,531.119
Senegal,SEN,538.096
Sierra Leone,SLE,245.811
Sierra Leone,SLE,247.757
Sierra Leone,SLE,248.795
Sierra Leone,SLE,250.337
Togo,TGO,256.563
Togo,TGO,259.674
Togo,TGO,262.499
Togo,TGO,265.319
ASIA,,71913.619
ASIA,,70307.408
ASIA,,67459.532
ASIA,,65935.792
Central Asia,,1731.003
Central Asia,,1754.028
Central Asia,,1797.239
Central Asia,,1748.008
Kazakhstan,KAZ,398.12
Kazakhstan,KAZ,400.889
Kazakhstan,KAZ,424.472
Kazakhstan,KAZ,410.302
Kyrgyzstan,KGZ,167.156
Kyrgyzstan,KGZ,164.516
Kyrgyzstan,KGZ,158.363
Kyrgyzstan,KGZ,155.579
Tajikistan,TJK,255.281
Tajikistan,TJK,257.406
Tajikistan,TJK,256.324
Tajikistan,TJK,254.611
Turkmenistan,TKM,140.231
Turkmenistan,TKM,137.699
Turkmenistan,TKM,135.14
Turkmenistan,TKM,132.864
Uzbekistan,UZB,770.244
Uzbekistan,UZB,793.533
Uzbekistan,UZB,822.981
Uzbekistan,UZB,794.642
Eastern Asia,,17303.866
Eastern Asia,,16367.146
Eastern Asia,,13957.422
Eastern Asia,,12580.231
China,CHN,15409.744
China,CHN,14550.912
China,CHN,12179.125
China,CHN,10828.527
"China, Hong Kong SAR",HKG,66.68
"China, Hong Kong SAR",HKG,62.497
"China, Hong Kong SAR",HKG,51.457
"China, Hong Kong SAR",HKG,42.864
"China, Macao SAR",MAC,6.852
"China, Macao SAR",MAC,6.769
"China, Macao SAR",MAC,6.788
"China, Macao SAR",MAC,6.907
"China, Taiwan Province of China",TWN,193.05
"China, Taiwan Province of China",TWN,187.803
"China, Taiwan Province of China",TWN,186.318
"China, Taiwan Province of China",TWN,185.316
Dem. People's Republic of Korea,PRK,341.369
Dem. People's Republic of Korea,PRK,343.149
Dem. People's Republic of Korea,PRK,340.864
Dem. People's Republic of Korea,PRK,340.046
Japan,JPN,883.684
Japan,JPN,836.129
Japan,JPN,826.352
Japan,JPN,817.283
Mongolia,MNG,74.319
Mongolia,MNG,74.24
Mongolia,MNG,72.943
Mongolia,MNG,70.883
Republic of Korea,KOR,328.207
Republic of Korea,KOR,305.63
Republic of Korea,KOR,293.613
Republic of Korea,KOR,288.419
Southern Asia,,36204.603
Southern Asia,,35568.683
Southern Asia,,35136.759
Southern Asia,,35153.9
Afghanistan,AFG,1302.712
Afghanistan,AFG,1324.725
Afghanistan,AFG,1349.26
Afghanistan,AFG,1387.559
Bangladesh,BGD,2954.146
Bangladesh,BGD,2972.41
Bangladesh,BGD,2958.134
Bangladesh,BGD,2957.723
Bhutan,BTN,10.273
Bhutan,BTN,9.663
Bhutan,BTN,9.568
Bhutan,BTN,9.507
India,IND,23548.266
India,IND,23005.022
India,IND,22595.171
India,IND,22591.299
Iran (Islamic Republic of),IRN,1459.674
Iran (Islamic Republic of),IRN,1294.951
Iran (Islamic Republic of),IRN,1231.025
Iran (Islamic Republic of),IRN,1192.886
Maldives,MDV,7.481
Maldives,MDV,7.478
Maldives,MDV,7.455
Maldives,MDV,7.305
Nepal,NPL,586.685
Nepal,NPL,589.319
Nepal,NPL,589.85
Nepal,NPL,597.369
Pakistan,PAK,6016.526
Pakistan,PAK,6050.66
Pakistan,PAK,6087.559
Pakistan,PAK,6105.641
Sri Lanka,LKA,318.425
Sri Lanka,LKA,313.644
Sri Lanka,LKA,308.186
Sri Lanka,LKA,304.378
South-Eastern Asia,,11047.491
South-Eastern Asia,,11003.435
South-Eastern Asia,,10958.2
South-Eastern Asia,,10896.162
Brunei Darussalam,BRN,6.489
Brunei Darussalam,BRN,6.341
Brunei Darussalam,BRN,6.209
Brunei Darussalam,BRN,6.098
Cambodia,KHM,326.996
Cambodia,KHM,322.639
Cambodia,KHM,319.367
Cambodia,KHM,314.929
Indonesia,IDN,4503.852
Indonesia,IDN,4478.366
Indonesia,IDN,4449.025
Indonesia,IDN,4422.245
Lao People's Democratic Republic,LAO,159.891
Lao People's Democratic Republic,LAO,159.311
Lao People's Democratic Republic,LAO,159.437
Lao People's Democratic Republic,LAO,158.442
Malaysia,MYS,513.936
Malaysia,MYS,507.329
Malaysia,MYS,508.146
Malaysia,MYS,508.068
Myanmar,MMR,912.53
Myanmar,MMR,909.105
Myanmar,MMR,900.553
Myanmar,MMR,893.712
Philippines,PHL,2386.385
Philippines,PHL,2406.847
Philippines,PHL,2424.248
Philippines,PHL,2437.2
Singapore,SGP,39.688
Singapore,SGP,40.185
Singapore,SGP,41.317
Singapore,SGP,42.161
Thailand,THA,682.356
Thailand,THA,664.111
Thailand,THA,651.913
Thailand,THA,640.38
Timor-Leste,TLS,31.765
Timor-Leste,TLS,31.747
Timor-Leste,TLS,31.915
Timor-Leste,TLS,32.027
Viet Nam,VNM,1483.544
Viet Nam,VNM,1477.389
Viet Nam,VNM,1466.021
Viet Nam,VNM,1440.888
Western Asia,,5621.068
Western Asia,,5613.038
Western Asia,,5605.642
Western Asia,,5554.705
Armenia,ARM,37.553
Armenia,ARM,36.193
Armenia,ARM,34.717
Armenia,ARM,33.426
Azerbaijan,AZE,140.452
Azerbaijan,AZE,144.667
Azerbaijan,AZE,129.884
Azerbaijan,AZE,125.236
Bahrain,BHR,20.466
Bahrain,BHR,19.727
Bahrain,BHR,18.855
Bahrain,BHR,17.417
Cyprus,CYP,13.162
Cyprus,CYP,13.21
Cyprus,CYP,13.055
Cyprus,CYP,12.795
Georgia,GEO,53.922
Georgia,GEO,50.364
Georgia,GEO,48.488
Georgia,GEO,50.077
Iraq,IRQ,1130.885
Iraq,IRQ,1144.875
Iraq,IRQ,1157.092
Iraq,IRQ,1170.541
Israel,ISR,175.241
Israel,ISR,183.877
Israel,ISR,174.879
Israel,ISR,173.883
Jordan,JOR,237.182
Jordan,JOR,238.54
Jordan,JOR,240.279
Jordan,JOR,241.764
Kuwait,KWT,56.685
Kuwait,KWT,54.815
Kuwait,KWT,52.595
Kuwait,KWT,44.119
Lebanon,LBN,98.359
Lebanon,LBN,92.817
Lebanon,LBN,87.233
Lebanon,LBN,83.99
Oman,OMN,90.957
Oman,OMN,89.129
Oman,OMN,86.203
Oman,OMN,82.817
Qatar,QAT,29.122
Qatar,QAT,29.942
Qatar,QAT,30.837
Qatar,QAT,26.425
Saudi Arabia,SAU,648.937
Saudi Arabia,SAU,655.318
Saudi Arabia,SAU,662.503
Saudi Arabia,SAU,626.222
State of Palestine,PSE,143.161
State of Palestine,PSE,143.1
State of Palestine,PSE,142.87
State of Palestine,PSE,143.284
Syrian Arab Republic,SYR,340.494
Syrian Arab Republic,SYR,368.789
Syrian Arab Republic,SYR,399.455
Syrian Arab Republic,SYR,419.954
Türkiye,TUR,1355.742
Türkiye,TUR,1293.476
Türkiye,TUR,1256.368
Türkiye,TUR,1236.527
United Arab Emirates,ARE,91.402
United Arab Emirates,ARE,89.359
United Arab Emirates,ARE,98.172
United Arab Emirates,ARE,96.086
Yemen,YEM,957.245
Yemen,YEM,964.749
Yemen,YEM,972.08
Yemen,YEM,970.075
EUROPE,,7350.848
EUROPE,,7085.503
EUROPE,,6917.242
EUROPE,,6858.774
Eastern Europe,,3052.277
Eastern Europe,,2870.042
Eastern Europe,,2783.319
Eastern Europe,,2717.9
Belarus,BLR,95.294
Belarus,BLR,93.033
Belarus,BLR,90.996
Belarus,BLR,88.703
Bulgaria,BGR,62.519
Bulgaria,BGR,61.344
Bulgaria,BGR,59.507
Bulgaria,BGR,57.855
Czechia,CZE,111.659
Czechia,CZE,109.499
Czechia,CZE,106.811
Czechia,CZE,103.737
Hungary,HUN,92.852
Hungary,HUN,92.088
Hungary,HUN,92.274
Hungary,HUN,91.627
Poland,POL,398.023
Poland,POL,381.284
Poland,POL,371.829
Poland,POL,362.344
Republic of Moldova,MDA,41.991
Republic of Moldova,MDA,39.822
Republic of Moldova,MDA,38.166
Republic of Moldova,MDA,37.74
Romania,ROU,209.418
Romania,ROU,202.882
Romania,ROU,198.135
Romania,ROU,194.454
Russian Federation,RUS,1599.561
Russian Federation,RUS,1481.525
Russian Federation,RUS,1432.696
Russian Federation,RUS,1392.819
Slovakia,SVK,57.334
Slovakia,SVK,56.774
Slovakia,SVK,55.496
Slovakia,SVK,54.129
Ukraine,UKR,383.624
Ukraine,UKR,351.789
Ukraine,UKR,337.411
Ukraine,UKR,334.489
Northern Europe,,1137.778
Northern Europe,,1109.671
Northern Europe,,1075.522
Northern Europe,,1075.494
Denmark,DNK,60.29
Denmark,DNK,60.302
Denmark,DNK,61.231
Denmark,DNK,62.994
Estonia,EST,14.26
Estonia,EST,14.139
Estonia,EST,13.884
Estonia,EST,13.622
Faroe Islands,FRO,0.681
Faroe Islands,FRO,0.777
Faroe Islands,FRO,0.803
Faroe Islands,FRO,0.81
Finland,FIN,47.45
Finland,FIN,45.71
Finland,FIN,46.17
Finland,FIN,46.814
Guernsey,GGY,0.553
Guernsey,GGY,0.57
Guernsey,GGY,0.594
Guernsey,GGY,0.609
Iceland,ISL,4.165
Iceland,ISL,4.397
Iceland,ISL,4.529
Iceland,ISL,4.568
Ireland,IRL,61.722
Ireland,IRL,60.327
Ireland,IRL,59.539
Ireland,IRL,58.438
Isle of Man,IMN,0.74
Isle of Man,IMN,0.737
Isle of Man,IMN,0.715
Isle of Man,IMN,0.71
Jersey,JEY,1.052
Jersey,JEY,1.085
Jersey,JEY,1.107
Jersey,JEY,1.126
Latvia,LVA,19.385
Latvia,LVA,18.641
Latvia,LVA,17.496
Latvia,LVA,16.978
Lithuania,LTU,28.946
Lithuania,LTU,27.997
Lithuania,LTU,27.431
Lithuania,LTU,26.793
Norway,NOR,54.874
Norway,NOR,54.288
Norway,NOR,53.51
Norway,NOR,53.777
Sweden,SWE,114.751
Sweden,SWE,113.911
Sweden,SWE,112.137
Sweden,SWE,113.135
United Kingdom,GBR,728.91
United Kingdom,GBR,706.791
United Kingdom,GBR,676.382
United Kingdom,GBR,675.119
Southern Europe,,1210.44
Southern Europe,,1174.88
Southern Europe,,1156.65
Southern Europe,,1154.659
Albania,ALB,30.079
Albania,ALB,29.548
Albania,ALB,29.309
Albania,ALB,29.062
Andorra,AND,0.59
Andorra,AND,0.587
Andorra,AND,0.588
Andorra,AND,0.564
Bosnia and Herzegovina,BIH,30.819
Bosnia and Herzegovina,BIH,29.622
Bosnia and Herzegovina,BIH,28.561
Bosnia and Herzegovina,BIH,27.53
Croatia,HRV,37.297
Croatia,HRV,36.586
Croatia,HRV,35.642
Croatia,HRV,34.617
Gibraltar,GIB,0.364
Gibraltar,GIB,0.357
Gibraltar,GIB,0.352
Gibraltar,GIB,0.347
Greece,GRC,83.231
Greece,GRC,80.896
Greece,GRC,80.826
Greece,GRC,78.837
Italy,ITA,431.01
Italy,ITA,417.263
Italy,ITA,409.281
Italy,ITA,409.696
Kosovo (under UNSC res. 1244),XKX,20.756
Kosovo (under UNSC res. 1244),XKX,19.379
Kosovo (under UNSC res. 1244),XKX,18.661
Kosovo (under UNSC res. 1244),XKX,18.504
Malta,MLT,4.44
Malta,MLT,4.294
Malta,MLT,4.496
Malta,MLT,4.649
Montenegro,MNE,7.516
Montenegro,MNE,7.413
Montenegro,MNE,7.101
Montenegro,MNE,6.96
North Macedonia,MKD,21.611
North Macedonia,MKD,20.36
North Macedonia,MKD,20.21
North Macedonia,MKD,20.028
Portugal,PRT,86.258
Portugal,PRT,85.233
Portugal,PRT,82.767
Portugal,PRT,80.296
San Marino,SMR,0.21
San Marino,SMR,0.209
San Marino,SMR,0.208
San Marino,SMR,0.202
Serbia,SRB,69.115
Serbia,SRB,69.404
Serbia,SRB,68.298
Serbia,SRB,67.352
Slovenia,SVN,20.202
Slovenia,SVN,19.83
Slovenia,SVN,19.093
Slovenia,SVN,19.115
Spain,ESP,366.934
Spain,ESP,353.896
Spain,ESP,351.25
Spain,ESP,356.895
Western Europe,,1950.354
Western Europe,,1930.915
Western Europe,,1901.752
Western Europe,,1910.728
Austria,AUT,85.084
Austria,AUT,84.527
Austria,AUT,83.136
Austria,AUT,84.439
Belgium,BEL,117.657
Belgium,BEL,115.774
Belgium,BEL,114.58
Belgium,BEL,116.101
France,FRA,708.1
France,FRA,699.043
France,FRA,679.753
France,FRA,675.207
Germany,DEU,777.164
Germany,DEU,769.764
Germany,DEU,758.344
Germany,DEU,761.164
Liechtenstein,LIE,0.366
Liechtenstein,LIE,0.35
Liechtenstein,LIE,0.353
Liechtenstein,LIE,0.356
Luxembourg,LUX,6.138
Luxembourg,LUX,6.144
Luxembourg,LUX,6.444
Luxembourg,LUX,6.564
Monaco,MCO,0.338
Monaco,MCO,0.33
Monaco,MCO,0.323
Monaco,MCO,0.321
Netherlands,NLD,168.751
Netherlands,NLD,169.296
Netherlands,NLD,172.527
Netherlands,NLD,179.73
Switzerland,CHE,86.756
Switzerland,CHE,85.687
Switzerland,CHE,86.29
Switzerland,CHE,86.846
LATIN AMERICA AND THE CARIBBEAN,,10133.251
LATIN AMERICA AND THE CARIBBEAN,,9914.443
LATIN AMERICA AND THE CARIBBEAN,,9735.16
LATIN AMERICA AND THE CARIBBEAN,,9593.959
Caribbean,,690.497
Caribbean,,685.07
Caribbean,,675.745
Caribbean,,666.737
Anguilla,AIA,0.152
Anguilla,AIA,0.15
Anguilla,AIA,0.149
Antigua and Barbuda,ATG,0.986
Antigua and Barbuda,ATG,1.053
Antigua and Barbuda,ATG,1.122
Antigua and Barbuda,ATG,1.124
Aruba,ABW,1.033
Aruba,ABW,0.96
Aruba,ABW,0.853
Aruba,ABW,0.755
Bahamas,BHS,4.598
Bahamas,BHS,4.582
Bahamas,BHS,4.627
Bahamas,BHS,4.624
Barbados,BRB,3.022
Barbados,BRB,3.019
Barbados,BRB,3.018
Barbados,BRB,3.017
"Bonaire, Sint Eustatius and Saba",BES,0.273
"Bonaire, Sint Eustatius and Saba",BES,0.277
"Bonaire, Sint Eustatius and Saba",BES,0.281
"Bonaire, Sint Eustatius and Saba",BES,0.282
British Virgin Islands,VGB,0.212
British Virgin Islands,VGB,0.219
British Virgin Islands,VGB,0.226
British Virgin Islands,VGB,0.234
Cayman Islands,CYM,0.621
Cayman Islands,CYM,0.658
Cayman Islands,CYM,0.793
Cayman Islands,CYM,0.674
Cuba,CUB,116.877
Cuba,CUB,110.006
Cuba,CUB,105.244
Cuba,CUB,100.1
Curaçao,CUW,1.794
Curaçao,CUW,2.285
Curaçao,CUW,2.121
Curaçao,CUW,2.15
Dominica,DMA,0.923
Dominica,DMA,0.936
Dominica,DMA,0.947
Dominica,DMA,0.955
Dominican Republic,DOM,207.787
Dominican Republic,DOM,205.053
Dominican Republic,DOM,201.711
Dominican Republic,DOM,200.195
Grenada,GRD,2.038
Grenada,GRD,2.017
Grenada,GRD,1.99
Grenada,GRD,1.967
Guadeloupe,GLP,4.432
Guadeloupe,GLP,4.409
Guadeloupe,GLP,4.401
Guadeloupe,GLP,4.451
Haiti,HTI,260.274
Haiti,HTI,261.014
Haiti,HTI,260.634
Haiti,HTI,259.152
Jamaica,JAM,34.057
Jamaica,JAM,33.465
Jamaica,JAM,32.984
Jamaica,JAM,32.827
Martinique,MTQ,3.686
Martinique,MTQ,3.614
Martinique,MTQ,3.533
Martinique,MTQ,3.497
Montserrat,MSR,0.033
Montserrat,MSR,0.039
Montserrat,MSR,0.042
Montserrat,MSR,0.04
Puerto Rico,PRI,22.434
Puerto Rico,PRI,25.905
Puerto Rico,PRI,26.534
Puerto Rico,PRI,26.394
Saint Barthélemy,BLM,0.077
Saint Barthélemy,BLM,0.081
Saint Barthélemy,BLM,0.085
Saint Barthélemy,BLM,0.087
Saint Kitts and Nevis,KNA,0.614
Saint Kitts and Nevis,KNA,0.602
Saint Kitts and Nevis,KNA,0.589
Saint Kitts and Nevis,KNA,0.574
Saint Lucia,LCA,2.109
Saint Lucia,LCA,2.091
Saint Lucia,LCA,2.069
Saint Lucia,LCA,2.043
Saint Martin (French part),MAF,0.585
Saint Martin (French part),MAF,0.55
Saint Martin (French part),MAF,0.517
Saint Martin (French part),MAF,0.484
Saint Vincent and the Grenadines,VCT,1.432
Saint Vincent and the Grenadines,VCT,1.39
Saint Vincent and the Grenadines,VCT,1.355
Saint Vincent and the Grenadines,VCT,1.334
Sint Maarten (Dutch part),SXM,0.265
Sint Maarten (Dutch part),SXM,0.289
Sint Maarten (Dutch part),SXM,0.309
Sint Maarten (Dutch part),SXM,0.332
Trinidad and Tobago,TTO,18.405
Trinidad and Tobago,TTO,18.645
Trinidad and Tobago,TTO,17.88
Trinidad and Tobago,TTO,17.585
Turks and Caicos Islands,TCA,0.532
Turks and Caicos Islands,TCA,0.539
Turks and Caicos Islands,TCA,0.551
Turks and Caicos Islands,TCA,0.553
United States Virgin Islands,VIR,1.241
United States Virgin Islands,VIR,1.205
United States Virgin Islands,VIR,1.169
United States Virgin Islands,VIR,1.141
Central America,,3025.57
Central America,,2932.998
Central America,,2912.852
Central America,,2827.098
Belize,BLZ,7.941
Belize,BLZ,7.266
Belize,BLZ,6.999
Belize,BLZ,7.125
Costa Rica,CRI,67.899
Costa Rica,CRI,64.885
Costa Rica,CRI,61.865
Costa Rica,CRI,60.831
El Salvador,SLV,103.157
El Salvador,SLV,102.524
El Salvador,SLV,101.091
El Salvador,SLV,100.463
Guatemala,GTM,396.241
Guatemala,GTM,384.493
Guatemala,GTM,372.306
Guatemala,GTM,365.842
Honduras,HND,211.733
Honduras,HND,212.777
Honduras,HND,213.592
Honduras,HND,214.096
Mexico,MEX,2020.262
Mexico,MEX,1944.503
Mexico,MEX,1941.37
Mexico,MEX,1863.705
Nicaragua,NIC,141.042
Nicaragua,NIC,140.428
Nicaragua,NIC,139.644
Nicaragua,NIC,138.979
Panama,PAN,77.293
Panama,PAN,76.12
Panama,PAN,75.991
Panama,PAN,76.053
South America,,6417.18
South America,,6296.364
South America,,6146.559
South America,,6100.125
Argentina,ARG,668.352
Argentina,ARG,655.747
Argentina,ARG,630.707
Argentina,ARG,624.312
Bolivia (Plurinational State of),BOL,256.154
Bolivia (Plurinational State of),BOL,256.465
Bolivia (Plurinational State of),BOL,256.938
Bolivia (Plurinational State of),BOL,257.599
Brazil,BRA,2934.678
Brazil,BRA,2852.706
Brazil,BRA,2755.362
Brazil,BRA,2729.876
Chile,CHL,220.597
Chile,CHL,223.073
Chile,CHL,226.847
Chile,CHL,228.192
Colombia,COL,720.031
Colombia,COL,726.503
Colombia,COL,726.305
Colombia,COL,723.229
Ecuador,ECU,296.022
Ecuador,ECU,297.085
Ecuador,ECU,296.466
Ecuador,ECU,296.23
Falkland Islands (Malvinas),FLK,0.042
Falkland Islands (Malvinas),FLK,0.043
French Guiana,GUF,7.191
French Guiana,GUF,7.324
French Guiana,GUF,7.419
French Guiana,GUF,7.45
Guyana,GUY,15.652
Guyana,GUY,16.537
Guyana,GUY,15.971
Guyana,GUY,16.043
Paraguay,PRY,137.675
Paraguay,PRY,137.118
Paraguay,PRY,136.776
Paraguay,PRY,136.478
Peru,PER,574.067
Peru,PER,585.495
Peru,PER,587.87
Peru,PER,588.365
Suriname,SUR,10.875
Suriname,SUR,10.891
Suriname,SUR,10.946
Suriname,SUR,10.983
Uruguay,URY,39.582
Uruguay,URY,36.938
Uruguay,URY,35.313
Uruguay,URY,35.747
Venezuela (Bolivarian Republic of),VEN,536.251
Venezuela (Bolivarian Republic of),VEN,490.445
Venezuela (Bolivarian Republic of),VEN,459.591
Venezuela (Bolivarian Republic of),VEN,445.578
NORTHERN AMERICA,,4152.166
NORTHERN AMERICA,,4102.318
NORTHERN AMERICA,,4023.719
NORTHERN AMERICA,,4079.231
Bermuda,BMU,0.519
Bermuda,BMU,0.516
Bermuda,BMU,0.496
Canada,CAN,367.531
Canada,CAN,362.029
Canada,CAN,369.13
Canada,CAN,372.355
Greenland,GRL,0.829
Greenland,GRL,0.821
Greenland,GRL,0.815
Greenland,GRL,0.804
Saint Pierre and Miquelon,SPM,0.045
Saint Pierre and Miquelon,SPM,0.044
United States of America,USA,3783.242
United States of America,USA,3738.909
United States of America,USA,3653.213
United States of America,USA,3705.532
OCEANIA,,695.035
OCEANIA,,687.191
OCEANIA,,680.299
OCEANIA,,683.374
Australia,AUS,319.415
Australia,AUS,304.36
Australia,AUS,295.672
Australia,AUS,297.762
New Zealand,NZL,56.712
New Zealand,NZL,62.871
New Zealand,NZL,62.927
New Zealand,NZL,63.341
Melanesia,,294.082
Melanesia,,295.519
Melanesia,,297.434
Melanesia,,298.055
Fiji,FJI,18.303
Fiji,FJI,18.083
Fiji,FJI,17.753
Fiji,FJI,17.572
New Caledonia,NCL,4.292
New Caledonia,NCL,4.216
New Caledonia,NCL,4.153
New Caledonia,NCL,4.119
Papua New Guinea,PNG,242.195
Papua New Guinea,PNG,243.661
Papua New Guinea,PNG,245.774
Papua New Guinea,PNG,246.34
Solomon Islands,SLB,20.282
Solomon Islands,SLB,20.472
Solomon Islands,SLB,20.59
Solomon Islands,SLB,20.794
Vanuatu,VUT,9.01
Vanuatu,VUT,9.085
Vanuatu,VUT,9.162
Vanuatu,VUT,9.228
Micronesia,,10.781
Micronesia,,10.653
Micronesia,,10.523
Micronesia,,10.507
Guam,GUM,2.857
Guam,GUM,2.79
Guam,GUM,2.744
Guam,GUM,2.768
Kiribati,KIR,3.369
Kiribati,KIR,3.378
Kiribati,KIR,3.384
Kiribati,KIR,3.396
Marshall Islands,MHL,0.985
Marshall Islands,MHL,0.925
Marshall Islands,MHL,0.867
Marshall Islands,MHL,0.811
Micronesia (Fed. States of),FSM,2.319
Micronesia (Fed. States of),FSM,2.315
Micronesia (Fed. States of),FSM,2.3
Nauru,NRU,0.35
Nauru,NRU,0.345
Nauru,NRU,0.341
Northern Mariana Islands,MNP,0.629
Northern Mariana Islands,MNP,0.619
Northern Mariana Islands,MNP,0.609
Northern Mariana Islands,MNP,0.605
Palau,PLW,0.271
Palau,PLW,0.275
Palau,PLW,0.273
Palau,PLW,0.269
Polynesia,,14.059
Polynesia,,13.794
Polynesia,,13.726
Polynesia,,13.709
American Samoa,ASM,0.873
American Samoa,ASM,0.83
American Samoa,ASM,0.804
American Samoa,ASM,0.783
Cook Islands,COK,0.289
Cook Islands,COK,0.283
Cook Islands,COK,0.278
Cook Islands,COK,0.276
French Polynesia,PYF,4.083
French Polynesia,PYF,3.905
French Polynesia,PYF,3.883
French Polynesia,PYF,3.861
Niue,NIU,0.025
Niue,NIU,0.027
Samoa,WSM,5.878
Samoa,WSM,5.866
Samoa,WSM,5.877
Samoa,WSM,5.901
Tokelau,TKL,0.028
Tokelau,TKL,0.031
Tokelau,TKL,0.035
Tonga,TON,2.486
Tonga,TON,2.458
Tonga,TON,2.425
Tonga,TON,2.434
Tuvalu,TUV,0.252
Tuvalu,TUV,0.255
Tuvalu,TUV,0.258
Tuvalu,TUV,0.259
Wallis and Futuna Islands,WLF,0.145
Wallis and Futuna Islands,WLF,0.143
Wallis and Futuna Islands,WLF,0.139
Wallis and Futuna Islands,WLF,0.137
