country_name,iso3_code,indicator,year,coverage_value
(SDGRC) Central Africa,SDGRC_ECA_CA,MNCH_ANC4,2018,54.0
(SDGRC) Central Africa,SDGRC_ECA_CA,MNCH_ANC4,2019,54.6
(SDGRC) Central Africa,SDGRC_ECA_CA,MNCH_ANC4,2020,55.3
(SDGRC) Central Africa,SDGRC_ECA_CA,MNCH_ANC4,2021,55.9
(SDGRC) Central Africa,SDGRC_ECA_CA,MNCH_ANC4,2022,56.6
(SDGRC) Central Africa,SDGRC_ECA_CA,MNCH_SAB,2018,59.8
(SDGRC) Central Africa,SDGRC_ECA_CA,MNCH_SAB,2019,62.0
(SDGRC) Central Africa,SDGRC_ECA_CA,MNCH_SAB,2020,64.0
(SDGRC) Central Africa,SDGRC_ECA_CA,MNCH_SAB,2021,65.9
(SDGRC) Central Africa,SDGRC_ECA_CA,MNCH_SAB,2022,67.6
(SDGRC) Eastern Africa,SDGRC_ECA_EA,MNCH_ANC4,2018,46.9
(SDGRC) Eastern Africa,SDGRC_ECA_EA,MNCH_ANC4,2019,48.1
(SDGRC) Eastern Africa,SDGRC_ECA_EA,MNCH_ANC4,2020,49.1
(SDGRC) Eastern Africa,SDGRC_ECA_EA,MNCH_ANC4,2021,50.4
(SDGRC) Eastern Africa,SDGRC_ECA_EA,MNCH_ANC4,2022,51.4
(SDGRC) Eastern Africa,SDGRC_ECA_EA,MNCH_SAB,2018,65.8
(SDGRC) Eastern Africa,SDGRC_ECA_EA,MNCH_SAB,2019,68.9
(SDGRC) Eastern Africa,SDGRC_ECA_EA,MNCH_SAB,2020,71.8
(SDGRC) Eastern Africa,SDGRC_ECA_EA,MNCH_SAB,2021,74.3
(SDGRC) Eastern Africa,SDGRC_ECA_EA,MNCH_SAB,2022,76.6
(SDGRC) North Africa,SDGRC_ECA_NA,MNCH_ANC4,2018,71.7
(SDGRC) North Africa,SDGRC_ECA_NA,MNCH_ANC4,2019,72.3
(SDGRC) North Africa,SDGRC_ECA_NA,MNCH_ANC4,2020,73.2
(SDGRC) North Africa,SDGRC_ECA_NA,MNCH_ANC4,2021,74.0
(SDGRC) North Africa,SDGRC_ECA_NA,MNCH_ANC4,2022,75.0
(SDGRC) North Africa,SDGRC_ECA_NA,MNCH_SAB,2018,91.6
(SDGRC) North Africa,SDGRC_ECA_NA,MNCH_SAB,2019,92.3
(SDGRC) North Africa,SDGRC_ECA_NA,MNCH_SAB,2020,92.9
(SDGRC) North Africa,SDGRC_ECA_NA,MNCH_SAB,2021,93.4
(SDGRC) North Africa,SDGRC_ECA_NA,MNCH_SAB,2022,93.9
(SDGRC) Southern Africa,SDGRC_ECA_SA,MNCH_ANC4,2018,63.6
(SDGRC) Southern Africa,SDGRC_ECA_SA,MNCH_ANC4,2019,64.3
(SDGRC) Southern Africa,SDGRC_ECA_SA,MNCH_ANC4,2020,64.9
(SDGRC) Southern Africa,SDGRC_ECA_SA,MNCH_ANC4,2021,65.5
(SDGRC) Southern Africa,SDGRC_ECA_SA,MNCH_ANC4,2022,66.1
(SDGRC) Southern Africa,SDGRC_ECA_SA,MNCH_SAB,2018,79.1
(SDGRC) Southern Africa,SDGRC_ECA_SA,MNCH_SAB,2019,80.4
(SDGRC) Southern Africa,SDGRC_ECA_SA,MNCH_SAB,2020,81.3
(SDGRC) Southern Africa,SDGRC_ECA_SA,MNCH_SAB,2021,82.2
(SDGRC) Southern Africa,SDGRC_ECA_SA,MNCH_SAB,2022,83.1
(SDGRC) United Nations Economic Commission for Africa,SDGRC_ECA_ALL,MNCH_ANC4,2018,55.7
(SDGRC) United Nations Economic Commission for Africa,SDGRC_ECA_ALL,MNCH_ANC4,2019,56.6
(SDGRC) United Nations Economic Commission for Africa,SDGRC_ECA_ALL,MNCH_ANC4,2020,57.5
(SDGRC) United Nations Economic Commission for Africa,SDGRC_ECA_ALL,MNCH_ANC4,2021,58.5
(SDGRC) United Nations Economic Commission for Africa,SDGRC_ECA_ALL,MNCH_ANC4,2022,59.3
(SDGRC) United Nations Economic Commission for Africa,SDGRC_ECA_ALL,MNCH_SAB,2018,67.6
(SDGRC) United Nations Economic Commission for Africa,SDGRC_ECA_ALL,MNCH_SAB,2019,69.5
(SDGRC) United Nations Economic Commission for Africa,SDGRC_ECA_ALL,MNCH_SAB,2020,71.3
(SDGRC) United Nations Economic Commission for Africa,SDGRC_ECA_ALL,MNCH_SAB,2021,72.9
(SDGRC) United Nations Economic Commission for Africa,SDGRC_ECA_ALL,MNCH_SAB,2022,74.4
(SDGRC) West Africa,SDGRC_ECA_WA,MNCH_ANC4,2018,55.7
(SDGRC) West Africa,SDGRC_ECA_WA,MNCH_ANC4,2019,56.8
(SDGRC) West Africa,SDGRC_ECA_WA,MNCH_ANC4,2020,57.9
(SDGRC) West Africa,SDGRC_ECA_WA,MNCH_ANC4,2021,58.9
(SDGRC) West Africa,SDGRC_ECA_WA,MNCH_ANC4,2022,59.7
(SDGRC) West Africa,SDGRC_ECA_WA,MNCH_SAB,2018,55.9
(SDGRC) West Africa,SDGRC_ECA_WA,MNCH_SAB,2019,57.4
(SDGRC) West Africa,SDGRC_ECA_WA,MNCH_SAB,2020,59.0
(SDGRC) West Africa,SDGRC_ECA_WA,MNCH_SAB,2021,60.5
(SDGRC) West Africa,SDGRC_ECA_WA,MNCH_SAB,2022,62.0
Afghanistan,AFG,MNCH_ANC4,2018,20.9
Afghanistan,AFG,MNCH_ANC4,2020,27.6
Afghanistan,AFG,MNCH_SAB,2018,58.8
Afghanistan,AFG,MNCH_SAB,2020,61.8
Africa,WHO_AFRO,MNCH_ANC4,2018,54.3
Africa,WHO_AFRO,MNCH_ANC4,2019,55.3
Africa,WHO_AFRO,MNCH_ANC4,2020,56.2
Africa,WHO_AFRO,MNCH_ANC4,2021,57.3
Africa,WHO_AFRO,MNCH_ANC4,2022,58.1
Africa,WHO_AFRO,MNCH_SAB,2018,65.5
Africa,WHO_AFRO,MNCH_SAB,2019,67.6
Africa,WHO_AFRO,MNCH_SAB,2020,69.5
Africa,WHO_AFRO,MNCH_SAB,2021,71.3
Africa,WHO_AFRO,MNCH_SAB,2022,72.9
African Union,AU_AFRICA,MNCH_ANC4,2018,55.7
African Union,AU_AFRICA,MNCH_ANC4,2019,56.6
African Union,AU_AFRICA,MNCH_ANC4,2020,57.5
African Union,AU_AFRICA,MNCH_ANC4,2021,58.5
African Union,AU_AFRICA,MNCH_ANC4,2022,59.3
African Union,AU_AFRICA,MNCH_SAB,2018,67.6
African Union,AU_AFRICA,MNCH_SAB,2019,69.5
African Union,AU_AFRICA,MNCH_SAB,2020,71.3
African Union,AU_AFRICA,MNCH_SAB,2021,72.9
African Union,AU_AFRICA,MNCH_SAB,2022,74.4
Albania,ALB,MNCH_ANC4,2018,77.8
Albania,ALB,MNCH_SAB,2018,99.8
Albania,ALB,MNCH_SAB,2020,100.0
Albania,ALB,MNCH_SAB,2021,100.0
Albania,ALB,MNCH_SAB,2022,100.0
Algeria,DZA,MNCH_ANC4,2019,69.8
Algeria,DZA,MNCH_SAB,2019,98.8
Americas,WHO_AMRO,MNCH_ANC4,2018,93.1
Americas,WHO_AMRO,MNCH_ANC4,2019,93.4
Americas,WHO_AMRO,MNCH_ANC4,2020,93.7
Americas,WHO_AMRO,MNCH_ANC4,2021,94.1
Americas,WHO_AMRO,MNCH_ANC4,2022,94.4
Americas,WHO_AMRO,MNCH_SAB,2018,95.6
Americas,WHO_AMRO,MNCH_SAB,2019,95.6
Americas,WHO_AMRO,MNCH_SAB,2020,95.6
Americas,WHO_AMRO,MNCH_SAB,2021,95.6
Americas,WHO_AMRO,MNCH_SAB,2022,95.6
Anguilla,AIA,MNCH_SAB,2018,100.0
Anguilla,AIA,MNCH_SAB,2019,100.0
Anguilla,AIA,MNCH_SAB,2020,100.0
Antigua and Barbuda,ATG,MNCH_SAB,2020,99.0
Arab Maghreb Union (AMU),AUREC_AMU,MNCH_ANC4,2018,66.1
Arab Maghreb Union (AMU),AUREC_AMU,MNCH_ANC4,2019,67.0
Arab Maghreb Union (AMU),AUREC_AMU,MNCH_ANC4,2020,68.2
Arab Maghreb Union (AMU),AUREC_AMU,MNCH_ANC4,2021,69.3
Arab Maghreb Union (AMU),AUREC_AMU,MNCH_ANC4,2022,70.6
Arab Maghreb Union (AMU),AUREC_AMU,MNCH_SAB,2018,92.9
Arab Maghreb Union (AMU),AUREC_AMU,MNCH_SAB,2019,93.4
Arab Maghreb Union (AMU),AUREC_AMU,MNCH_SAB,2020,93.9
Arab Maghreb Union (AMU),AUREC_AMU,MNCH_SAB,2021,94.2
Arab Maghreb Union (AMU),AUREC_AMU,MNCH_SAB,2022,94.5
Arab States,UNFPA_AS,MNCH_ANC4,2018,64.0
Arab States,UNFPA_AS,MNCH_ANC4,2019,64.6
Arab States,UNFPA_AS,MNCH_ANC4,2020,65.4
Arab States,UNFPA_AS,MNCH_ANC4,2021,66.0
Arab States,UNFPA_AS,MNCH_ANC4,2022,66.9
Arab States,UNFPA_AS,MNCH_SAB,2018,84.5
Arab States,UNFPA_AS,MNCH_SAB,2019,85.2
Arab States,UNFPA_AS,MNCH_SAB,2020,85.9
Arab States,UNFPA_AS,MNCH_SAB,2021,86.6
Arab States,UNFPA_AS,MNCH_SAB,2022,87.2
Argentina,ARG,MNCH_ANC4,2020,90.4
Argentina,ARG,MNCH_SAB,2018,99.5
Argentina,ARG,MNCH_SAB,2019,99.6
Argentina,ARG,MNCH_SAB,2020,98.8
Asia and the Pacific,UNFPA_AP,MNCH_ANC4,2018,67.5
Asia and the Pacific,UNFPA_AP,MNCH_ANC4,2019,68.4
Asia and the Pacific,UNFPA_AP,MNCH_ANC4,2020,68.4
Asia and the Pacific,UNFPA_AP,MNCH_ANC4,2021,68.8
Asia and the Pacific,UNFPA_AP,MNCH_ANC4,2022,69.3
Asia and the Pacific,UNFPA_AP,MNCH_SAB,2018,86.4
Asia and the Pacific,UNFPA_AP,MNCH_SAB,2019,87.2
Asia and the Pacific,UNFPA_AP,MNCH_SAB,2020,87.6
Asia and the Pacific,UNFPA_AP,MNCH_SAB,2021,88.3
Asia and the Pacific,UNFPA_AP,MNCH_SAB,2022,89.1
Australia,AUS,MNCH_SAB,2018,98.7
Australia,AUS,MNCH_SAB,2019,98.8
Australia,AUS,MNCH_SAB,2020,98.8
Australia,AUS,MNCH_SAB,2021,98.7
Austria,AUT,MNCH_SAB,2018,98.4
Austria,AUT,MNCH_SAB,2019,98.4
Austria,AUT,MNCH_SAB,2020,98.1
Austria,AUT,MNCH_SAB,2021,98.0
Austria,AUT,MNCH_SAB,2022,98.1
Azerbaijan,AZE,MNCH_SAB,2018,99.4
Azerbaijan,AZE,MNCH_SAB,2019,99.9
Azerbaijan,AZE,MNCH_SAB,2020,99.9
Azerbaijan,AZE,MNCH_SAB,2021,99.9
Azerbaijan,AZE,MNCH_SAB,2022,99.9
Bahamas,BHS,MNCH_SAB,2018,99.0
Bahamas,BHS,MNCH_SAB,2019,99.0
Bahamas,BHS,MNCH_SAB,2020,99.0
Bahrain,BHR,MNCH_SAB,2018,99.6
Bahrain,BHR,MNCH_SAB,2019,99.6
Bahrain,BHR,MNCH_SAB,2020,98.2
Bangladesh,BGD,MNCH_ANC4,2018,47.0
Bangladesh,BGD,MNCH_ANC4,2019,36.9
Bangladesh,BGD,MNCH_ANC4,2022,38.3
Bangladesh,BGD,MNCH_SAB,2018,52.7
Bangladesh,BGD,MNCH_SAB,2019,59.0
Bangladesh,BGD,MNCH_SAB,2022,69.8
Barbados,BRB,MNCH_SAB,2018,99.0
Barbados,BRB,MNCH_SAB,2019,98.0
Barbados,BRB,MNCH_SAB,2020,98.4
Belarus,BLR,MNCH_ANC4,2019,99.9
Belarus,BLR,MNCH_SAB,2019,99.9
Belarus,BLR,MNCH_SAB,2020,99.9
Belarus,BLR,MNCH_SAB,2021,99.9
Belarus,BLR,MNCH_SAB,2022,99.9
Belize,BLZ,MNCH_SAB,2018,94.8
Belize,BLZ,MNCH_SAB,2019,95.3
Belize,BLZ,MNCH_SAB,2020,94.6
Benin,BEN,MNCH_ANC4,2018,52.1
Benin,BEN,MNCH_ANC4,2022,52.6
Benin,BEN,MNCH_SAB,2018,78.1
Benin,BEN,MNCH_SAB,2022,80.8
Bermuda,BMU,MNCH_SAB,2018,99.4
Bermuda,BMU,MNCH_SAB,2019,99.6
Bermuda,BMU,MNCH_SAB,2020,99.8
Bermuda,BMU,MNCH_SAB,2021,99.8
Bhutan,BTN,MNCH_SAB,2018,96.2
Bhutan,BTN,MNCH_SAB,2019,96.3
Bhutan,BTN,MNCH_SAB,2020,99.3
Bhutan,BTN,MNCH_SAB,2021,98.9
Bolivia (Plurinational State of),BOL,MNCH_SAB,2018,83.1
Bolivia (Plurinational State of),BOL,MNCH_SAB,2019,80.6
Bolivia (Plurinational State of),BOL,MNCH_SAB,2020,73.6
Bolivia (Plurinational State of),BOL,MNCH_SAB,2021,94.3
Bolivia (Plurinational State of),BOL,MNCH_SAB,2022,71.5
Bosnia and Herzegovina,BIH,MNCH_SAB,2018,99.9
Bosnia and Herzegovina,BIH,MNCH_SAB,2019,99.9
Bosnia and Herzegovina,BIH,MNCH_SAB,2020,99.9
Bosnia and Herzegovina,BIH,MNCH_SAB,2021,99.9
Botswana,BWA,MNCH_SAB,2018,99.8
Botswana,BWA,MNCH_SAB,2019,99.8
Botswana,BWA,MNCH_SAB,2020,99.8
Botswana,BWA,MNCH_SAB,2021,99.8
Brazil,BRA,MNCH_ANC4,2018,92.3
Brazil,BRA,MNCH_ANC4,2019,92.7
Brazil,BRA,MNCH_ANC4,2020,92.2
Brazil,BRA,MNCH_ANC4,2021,92.3
Brazil,BRA,MNCH_SAB,2018,98.8
Brazil,BRA,MNCH_SAB,2019,98.4
Brazil,BRA,MNCH_SAB,2020,98.4
Brazil,BRA,MNCH_SAB,2021,98.2
Brunei Darussalam,BRN,MNCH_SAB,2018,99.8
Brunei Darussalam,BRN,MNCH_SAB,2019,99.6
Brunei Darussalam,BRN,MNCH_SAB,2020,99.7
Brunei Darussalam,BRN,MNCH_SAB,2021,99.6
Bulgaria,BGR,MNCH_SAB,2018,93.0
Bulgaria,BGR,MNCH_SAB,2019,92.3
Bulgaria,BGR,MNCH_SAB,2020,94.6
Bulgaria,BGR,MNCH_SAB,2021,94.5
Burkina Faso,BFA,MNCH_ANC4,2021,72.1
Burkina Faso,BFA,MNCH_SAB,2021,95.8
Burundi,BDI,MNCH_SAB,2018,86.2
Burundi,BDI,MNCH_SAB,2019,98.6
Burundi,BDI,MNCH_SAB,2020,87.4
Burundi,BDI,MNCH_SAB,2021,76.5
Burundi,BDI,MNCH_SAB,2022,75.2
Cabo Verde,CPV,MNCH_ANC4,2018,85.6
Cabo Verde,CPV,MNCH_SAB,2018,97.3
Cambodia,KHM,MNCH_ANC4,2022,86.0
Cambodia,KHM,MNCH_SAB,2022,98.7
Cameroon,CMR,MNCH_ANC4,2018,64.9
Cameroon,CMR,MNCH_SAB,2018,69.0
Canada,CAN,MNCH_SAB,2018,98.0
Canada,CAN,MNCH_SAB,2019,98.1
Canada,CAN,MNCH_SAB,2020,97.7
Canada,CAN,MNCH_SAB,2021,97.6
Caribbean,UNSDG_CARIBBEAN,MNCH_ANC4,2018,84.2
Caribbean,UNSDG_CARIBBEAN,MNCH_ANC4,2019,84.6
Caribbean,UNSDG_CARIBBEAN,MNCH_ANC4,2020,85.1
Caribbean,UNSDG_CARIBBEAN,MNCH_ANC4,2021,85.6
Caribbean,UNSDG_CARIBBEAN,MNCH_ANC4,2022,86.1
Caribbean,UNSDG_CARIBBEAN,MNCH_SAB,2018,77.8
Caribbean,UNSDG_CARIBBEAN,MNCH_SAB,2019,77.8
Caribbean,UNSDG_CARIBBEAN,MNCH_SAB,2020,78.0
Caribbean,UNSDG_CARIBBEAN,MNCH_SAB,2021,78.2
Caribbean,UNSDG_CARIBBEAN,MNCH_SAB,2022,78.7
Central Africa (African Union),AU_CENTRAL_AFRICA,MNCH_ANC4,2018,47.6
Central Africa (African Union),AU_CENTRAL_AFRICA,MNCH_ANC4,2019,48.0
Central Africa (African Union),AU_CENTRAL_AFRICA,MNCH_ANC4,2020,48.5
Central Africa (African Union),AU_CENTRAL_AFRICA,MNCH_ANC4,2021,49.1
Central Africa (African Union),AU_CENTRAL_AFRICA,MNCH_ANC4,2022,49.8
Central Africa (African Union),AU_CENTRAL_AFRICA,MNCH_SAB,2018,76.6
Central Africa (African Union),AU_CENTRAL_AFRICA,MNCH_SAB,2019,78.0
Central Africa (African Union),AU_CENTRAL_AFRICA,MNCH_SAB,2020,79.3
Central Africa (African Union),AU_CENTRAL_AFRICA,MNCH_SAB,2021,80.6
Central Africa (African Union),AU_CENTRAL_AFRICA,MNCH_SAB,2022,81.7
Central African Republic,CAF,MNCH_ANC4,2019,41.4
Central African Republic,CAF,MNCH_SAB,2019,40.3
Central America,UNSDG_CENTRALAMR,MNCH_ANC4,2018,93.2
Central America,UNSDG_CENTRALAMR,MNCH_ANC4,2019,93.6
Central America,UNSDG_CENTRALAMR,MNCH_ANC4,2020,94.0
Central America,UNSDG_CENTRALAMR,MNCH_ANC4,2021,94.3
Central America,UNSDG_CENTRALAMR,MNCH_ANC4,2022,94.7
Central America,UNSDG_CENTRALAMR,MNCH_SAB,2018,91.0
Central America,UNSDG_CENTRALAMR,MNCH_SAB,2019,90.9
Central America,UNSDG_CENTRALAMR,MNCH_SAB,2020,90.7
Central America,UNSDG_CENTRALAMR,MNCH_SAB,2021,90.5
Central America,UNSDG_CENTRALAMR,MNCH_SAB,2022,90.4
Central Asia,UNSDG_CENTRALASIA,MNCH_ANC4,2018,87.6
Central Asia,UNSDG_CENTRALASIA,MNCH_ANC4,2019,88.1
Central Asia,UNSDG_CENTRALASIA,MNCH_ANC4,2020,88.7
Central Asia,UNSDG_CENTRALASIA,MNCH_ANC4,2021,89.2
Central Asia,UNSDG_CENTRALASIA,MNCH_ANC4,2022,89.5
Central Asia,UNSDG_CENTRALASIA,MNCH_SAB,2018,99.3
Central Asia,UNSDG_CENTRALASIA,MNCH_SAB,2019,99.4
Central Asia,UNSDG_CENTRALASIA,MNCH_SAB,2020,99.4
Central Asia,UNSDG_CENTRALASIA,MNCH_SAB,2021,99.5
Central Asia,UNSDG_CENTRALASIA,MNCH_SAB,2022,99.5
Central and Southern Asia,UNSDG_CENTRALASIASOUTHERNASIA,MNCH_ANC4,2018,54.9
Central and Southern Asia,UNSDG_CENTRALASIASOUTHERNASIA,MNCH_ANC4,2019,56.2
Central and Southern Asia,UNSDG_CENTRALASIASOUTHERNASIA,MNCH_ANC4,2020,57.4
Central and Southern Asia,UNSDG_CENTRALASIASOUTHERNASIA,MNCH_ANC4,2021,58.6
Central and Southern Asia,UNSDG_CENTRALASIASOUTHERNASIA,MNCH_ANC4,2022,59.8
Central and Southern Asia,UNSDG_CENTRALASIASOUTHERNASIA,MNCH_SAB,2018,80.7
Central and Southern Asia,UNSDG_CENTRALASIASOUTHERNASIA,MNCH_SAB,2019,82.1
Central and Southern Asia,UNSDG_CENTRALASIASOUTHERNASIA,MNCH_SAB,2020,83.3
Central and Southern Asia,UNSDG_CENTRALASIASOUTHERNASIA,MNCH_SAB,2021,84.5
Central and Southern Asia,UNSDG_CENTRALASIASOUTHERNASIA,MNCH_SAB,2022,85.7
Chad,TCD,MNCH_SAB,2019,47.2
Chile,CHL,MNCH_SAB,2018,99.8
Chile,CHL,MNCH_SAB,2019,99.8
Chile,CHL,MNCH_SAB,2020,99.8
China,CHN,MNCH_ANC4,2018,92.9
Colombia,COL,MNCH_SAB,2018,98.4
Colombia,COL,MNCH_SAB,2019,98.8
Colombia,COL,MNCH_SAB,2020,97.8
Colombia,COL,MNCH_SAB,2021,97.5
Common Market for Eastern and Southern Africa (COMESA),AUREC_COMESA,MNCH_ANC4,2018,53.5
Common Market for Eastern and Southern Africa (COMESA),AUREC_COMESA,MNCH_ANC4,2019,54.3
Common Market for Eastern and Southern Africa (COMESA),AUREC_COMESA,MNCH_ANC4,2020,55.1
Common Market for Eastern and Southern Africa (COMESA),AUREC_COMESA,MNCH_ANC4,2021,56.0
Common Market for Eastern and Southern Africa (COMESA),AUREC_COMESA,MNCH_ANC4,2022,57.0
Common Market for Eastern and Southern Africa (COMESA),AUREC_COMESA,MNCH_SAB,2018,73.3
Common Market for Eastern and Southern Africa (COMESA),AUREC_COMESA,MNCH_SAB,2019,75.6
Common Market for Eastern and Southern Africa (COMESA),AUREC_COMESA,MNCH_SAB,2020,77.7
Common Market for Eastern and Southern Africa (COMESA),AUREC_COMESA,MNCH_SAB,2021,79.5
Common Market for Eastern and Southern Africa (COMESA),AUREC_COMESA,MNCH_SAB,2022,81.2
Community of Sahel-Saharan States (CEN-SAD),AUREC_CEN_SAD,MNCH_ANC4,2018,57.7
Community of Sahel-Saharan States (CEN-SAD),AUREC_CEN_SAD,MNCH_ANC4,2019,58.6
Community of Sahel-Saharan States (CEN-SAD),AUREC_CEN_SAD,MNCH_ANC4,2020,59.5
Community of Sahel-Saharan States (CEN-SAD),AUREC_CEN_SAD,MNCH_ANC4,2021,60.3
Community of Sahel-Saharan States (CEN-SAD),AUREC_CEN_SAD,MNCH_ANC4,2022,61.1
Community of Sahel-Saharan States (CEN-SAD),AUREC_CEN_SAD,MNCH_SAB,2018,62.8
Community of Sahel-Saharan States (CEN-SAD),AUREC_CEN_SAD,MNCH_SAB,2019,64.0
Community of Sahel-Saharan States (CEN-SAD),AUREC_CEN_SAD,MNCH_SAB,2020,65.3
Community of Sahel-Saharan States (CEN-SAD),AUREC_CEN_SAD,MNCH_SAB,2021,66.6
Community of Sahel-Saharan States (CEN-SAD),AUREC_CEN_SAD,MNCH_SAB,2022,67.8
Comoros,COM,MNCH_ANC4,2022,64.3
Comoros,COM,MNCH_SAB,2022,97.2
Costa Rica,CRI,MNCH_ANC4,2018,94.1
Costa Rica,CRI,MNCH_SAB,2018,98.5
Costa Rica,CRI,MNCH_SAB,2019,99.0
Costa Rica,CRI,MNCH_SAB,2020,99.2
Costa Rica,CRI,MNCH_SAB,2021,98.8
Croatia,HRV,MNCH_ANC4,2018,97.8
Croatia,HRV,MNCH_ANC4,2020,97.5
Croatia,HRV,MNCH_ANC4,2021,97.0
Croatia,HRV,MNCH_ANC4,2022,96.5
Croatia,HRV,MNCH_SAB,2019,99.9
Cuba,CUB,MNCH_ANC4,2019,79.3
Cuba,CUB,MNCH_SAB,2018,99.9
Cuba,CUB,MNCH_SAB,2019,100.0
Cuba,CUB,MNCH_SAB,2020,99.9
Cuba,CUB,MNCH_SAB,2021,99.9
Cyprus,CYP,MNCH_SAB,2018,99.9
Cyprus,CYP,MNCH_SAB,2019,99.9
Cyprus,CYP,MNCH_SAB,2020,99.9
Cyprus,CYP,MNCH_SAB,2021,99.9
Côte d'Ivoire,CIV,MNCH_ANC4,2021,56.3
Côte d'Ivoire,CIV,MNCH_SAB,2021,84.0
Democratic Republic of the Congo,COD,MNCH_ANC4,2018,42.9
Democratic Republic of the Congo,COD,MNCH_SAB,2018,85.2
Denmark,DNK,MNCH_SAB,2018,95.3
Denmark,DNK,MNCH_SAB,2019,96.2
Denmark,DNK,MNCH_SAB,2020,96.6
Denmark,DNK,MNCH_SAB,2021,96.4
Denmark,DNK,MNCH_SAB,2022,96.4
Dominica,DMA,MNCH_SAB,2018,100.0
Dominica,DMA,MNCH_SAB,2019,100.0
Dominica,DMA,MNCH_SAB,2020,100.0
Dominican Republic,DOM,MNCH_ANC4,2019,92.6
Dominican Republic,DOM,MNCH_SAB,2019,99.2
East African Community (EAC),AUREC_EAC,MNCH_ANC4,2018,51.2
East African Community (EAC),AUREC_EAC,MNCH_ANC4,2019,51.9
East African Community (EAC),AUREC_EAC,MNCH_ANC4,2020,52.6
East African Community (EAC),AUREC_EAC,MNCH_ANC4,2021,53.5
East African Community (EAC),AUREC_EAC,MNCH_ANC4,2022,54.4
East African Community (EAC),AUREC_EAC,MNCH_SAB,2018,79.4
East African Community (EAC),AUREC_EAC,MNCH_SAB,2019,81.8
East African Community (EAC),AUREC_EAC,MNCH_SAB,2020,83.8
East African Community (EAC),AUREC_EAC,MNCH_SAB,2021,85.6
East African Community (EAC),AUREC_EAC,MNCH_SAB,2022,87.2
East Asia and Pacific,UNICEF_EAP,MNCH_ANC4,2018,87.9
East Asia and Pacific,UNICEF_EAP,MNCH_ANC4,2019,88.5
East Asia and Pacific,UNICEF_EAP,MNCH_ANC4,2020,88.8
East Asia and Pacific,UNICEF_EAP,MNCH_ANC4,2021,89.2
East Asia and Pacific,UNICEF_EAP,MNCH_ANC4,2022,89.7
East Asia and Pacific,UNICEF_EAPRO,MNCH_ANC4,2018,87.8
East Asia and Pacific,UNICEF_EAPRO,MNCH_ANC4,2019,88.4
East Asia and Pacific,UNICEF_EAPRO,MNCH_ANC4,2020,88.7
East Asia and Pacific,UNICEF_EAPRO,MNCH_ANC4,2021,89.1
East Asia and Pacific,UNICEF_EAPRO,MNCH_ANC4,2022,89.6
East Asia and Pacific,UNICEF_EAP,MNCH_SAB,2018,95.5
East Asia and Pacific,UNICEF_EAP,MNCH_SAB,2019,95.7
East Asia and Pacific,UNICEF_EAP,MNCH_SAB,2020,95.6
East Asia and Pacific,UNICEF_EAP,MNCH_SAB,2021,95.6
East Asia and Pacific,UNICEF_EAP,MNCH_SAB,2022,95.8
East Asia and Pacific,UNICEF_EAPRO,MNCH_SAB,2018,95.3
East Asia and Pacific,UNICEF_EAPRO,MNCH_SAB,2019,95.5
East Asia and Pacific,UNICEF_EAPRO,MNCH_SAB,2020,95.4
East Asia and Pacific,UNICEF_EAPRO,MNCH_SAB,2021,95.4
East Asia and Pacific,UNICEF_EAPRO,MNCH_SAB,2022,95.6
East and Southern Africa,UNFPA_ESA,MNCH_ANC4,2018,52.3
East and Southern Africa,UNFPA_ESA,MNCH_ANC4,2019,53.3
East and Southern Africa,UNFPA_ESA,MNCH_ANC4,2020,54.2
East and Southern Africa,UNFPA_ESA,MNCH_ANC4,2021,55.3
East and Southern Africa,UNFPA_ESA,MNCH_ANC4,2022,56.2
East and Southern Africa,UNFPA_ESA,MNCH_SAB,2018,70.6
East and Southern Africa,UNFPA_ESA,MNCH_SAB,2019,73.3
East and Southern Africa,UNFPA_ESA,MNCH_SAB,2020,75.7
East and Southern Africa,UNFPA_ESA,MNCH_SAB,2021,77.8
East and Southern Africa,UNFPA_ESA,MNCH_SAB,2022,79.6
Eastern Africa,UNSDG_EASTERNAFR,MNCH_ANC4,2018,49.7
Eastern Africa,UNSDG_EASTERNAFR,MNCH_ANC4,2019,51.0
Eastern Africa,UNSDG_EASTERNAFR,MNCH_ANC4,2020,52.1
Eastern Africa,UNSDG_EASTERNAFR,MNCH_ANC4,2021,53.5
Eastern Africa,UNSDG_EASTERNAFR,MNCH_ANC4,2022,54.6
Eastern Africa,UNSDG_EASTERNAFR,MNCH_SAB,2018,64.0
Eastern Africa,UNSDG_EASTERNAFR,MNCH_SAB,2019,67.4
Eastern Africa,UNSDG_EASTERNAFR,MNCH_SAB,2020,70.5
Eastern Africa,UNSDG_EASTERNAFR,MNCH_SAB,2021,73.1
Eastern Africa,UNSDG_EASTERNAFR,MNCH_SAB,2022,75.5
Eastern Africa (African Union),AU_EASTERN_AFRICA,MNCH_ANC4,2018,48.6
Eastern Africa (African Union),AU_EASTERN_AFRICA,MNCH_ANC4,2019,50.1
Eastern Africa (African Union),AU_EASTERN_AFRICA,MNCH_ANC4,2020,51.3
Eastern Africa (African Union),AU_EASTERN_AFRICA,MNCH_ANC4,2021,52.7
Eastern Africa (African Union),AU_EASTERN_AFRICA,MNCH_ANC4,2022,53.9
Eastern Africa (African Union),AU_EASTERN_AFRICA,MNCH_SAB,2018,61.6
Eastern Africa (African Union),AU_EASTERN_AFRICA,MNCH_SAB,2019,65.1
Eastern Africa (African Union),AU_EASTERN_AFRICA,MNCH_SAB,2020,68.3
Eastern Africa (African Union),AU_EASTERN_AFRICA,MNCH_SAB,2021,71.2
Eastern Africa (African Union),AU_EASTERN_AFRICA,MNCH_SAB,2022,73.7
Eastern Asia,UNSDG_EASTERNASIA,MNCH_ANC4,2018,91.7
Eastern Asia,UNSDG_EASTERNASIA,MNCH_ANC4,2019,92.3
Eastern Asia,UNSDG_EASTERNASIA,MNCH_ANC4,2020,93.0
Eastern Asia,UNSDG_EASTERNASIA,MNCH_ANC4,2021,93.6
Eastern Asia,UNSDG_EASTERNASIA,MNCH_ANC4,2022,94.1
Eastern Asia,UNSDG_EASTERNASIA,MNCH_SAB,2018,99.9
Eastern Asia,UNSDG_EASTERNASIA,MNCH_SAB,2019,99.9
Eastern Asia,UNSDG_EASTERNASIA,MNCH_SAB,2020,99.9
Eastern Asia,UNSDG_EASTERNASIA,MNCH_SAB,2021,99.9
Eastern Asia,UNSDG_EASTERNASIA,MNCH_SAB,2022,100.0
Eastern Europe and Central Asia,UNFPA_EECA,MNCH_ANC4,2018,89.2
Eastern Europe and Central Asia,UNFPA_EECA,MNCH_ANC4,2019,89.7
Eastern Europe and Central Asia,UNFPA_EECA,MNCH_ANC4,2020,90.2
Eastern Europe and Central Asia,UNFPA_EECA,MNCH_ANC4,2021,90.7
Eastern Europe and Central Asia,UNFPA_EECA,MNCH_ANC4,2022,91.0
Eastern Europe and Central Asia,UNICEF_EECA,MNCH_ANC4,2018,88.6
Eastern Europe and Central Asia,UNICEF_EECA,MNCH_ANC4,2019,89.1
Eastern Europe and Central Asia,UNICEF_EECA,MNCH_ANC4,2020,89.6
Eastern Europe and Central Asia,UNICEF_EECA,MNCH_ANC4,2021,90.1
Eastern Europe and Central Asia,UNICEF_EECA,MNCH_ANC4,2022,90.4
Eastern Europe and Central Asia,UNFPA_EECA,MNCH_SAB,2018,99.1
Eastern Europe and Central Asia,UNFPA_EECA,MNCH_SAB,2019,99.2
Eastern Europe and Central Asia,UNFPA_EECA,MNCH_SAB,2020,99.3
Eastern Europe and Central Asia,UNFPA_EECA,MNCH_SAB,2021,99.4
Eastern Europe and Central Asia,UNFPA_EECA,MNCH_SAB,2022,99.4
Eastern Europe and Central Asia,UNICEF_EECA,MNCH_SAB,2018,99.1
Eastern Europe and Central Asia,UNICEF_EECA,MNCH_SAB,2019,99.1
Eastern Europe and Central Asia,UNICEF_EECA,MNCH_SAB,2020,99.1
Eastern Europe and Central Asia,UNICEF_EECA,MNCH_SAB,2021,99.2
Eastern Europe and Central Asia,UNICEF_EECA,MNCH_SAB,2022,99.2
Eastern Mediterranean,WHO_EMRO,MNCH_ANC4,2018,58.2
Eastern Mediterranean,WHO_EMRO,MNCH_ANC4,2019,58.8
Eastern Mediterranean,WHO_EMRO,MNCH_ANC4,2020,59.8
Eastern Mediterranean,WHO_EMRO,MNCH_ANC4,2021,60.8
Eastern Mediterranean,WHO_EMRO,MNCH_ANC4,2022,62.0
Eastern Mediterranean,WHO_EMRO,MNCH_SAB,2018,77.4
Eastern Mediterranean,WHO_EMRO,MNCH_SAB,2019,78.4
Eastern Mediterranean,WHO_EMRO,MNCH_SAB,2020,79.2
Eastern Mediterranean,WHO_EMRO,MNCH_SAB,2021,80.1
Eastern Mediterranean,WHO_EMRO,MNCH_SAB,2022,81.0
Eastern and South-Eastern Asia,UNSDG_EASTERNASIASOUTHEASTERNASIA,MNCH_ANC4,2018,88.1
Eastern and South-Eastern Asia,UNSDG_EASTERNASIASOUTHEASTERNASIA,MNCH_ANC4,2019,88.8
Eastern and South-Eastern Asia,UNSDG_EASTERNASIASOUTHEASTERNASIA,MNCH_ANC4,2020,89.1
Eastern and South-Eastern Asia,UNSDG_EASTERNASIASOUTHEASTERNASIA,MNCH_ANC4,2021,89.6
Eastern and South-Eastern Asia,UNSDG_EASTERNASIASOUTHEASTERNASIA,MNCH_ANC4,2022,90.0
Eastern and South-Eastern Asia,UNSDG_EASTERNASIASOUTHEASTERNASIA,MNCH_SAB,2018,95.8
Eastern and South-Eastern Asia,UNSDG_EASTERNASIASOUTHEASTERNASIA,MNCH_SAB,2019,96.0
Eastern and South-Eastern Asia,UNSDG_EASTERNASIASOUTHEASTERNASIA,MNCH_SAB,2020,95.9
Eastern and South-Eastern Asia,UNSDG_EASTERNASIASOUTHEASTERNASIA,MNCH_SAB,2021,95.9
Eastern and South-Eastern Asia,UNSDG_EASTERNASIASOUTHEASTERNASIA,MNCH_SAB,2022,96.1
Eastern and Southern Africa,UNICEF_ESA,MNCH_ANC4,2018,53.0
Eastern and Southern Africa,UNICEF_ESA,MNCH_ANC4,2019,54.2
Eastern and Southern Africa,UNICEF_ESA,MNCH_ANC4,2020,55.2
Eastern and Southern Africa,UNICEF_ESA,MNCH_ANC4,2021,56.4
Eastern and Southern Africa,UNICEF_ESA,MNCH_ANC4,2022,57.4
Eastern and Southern Africa,UNICEF_ESARO,MNCH_ANC4,2018,52.9
Eastern and Southern Africa,UNICEF_ESARO,MNCH_ANC4,2019,54.1
Eastern and Southern Africa,UNICEF_ESARO,MNCH_ANC4,2020,55.2
Eastern and Southern Africa,UNICEF_ESARO,MNCH_ANC4,2021,56.4
Eastern and Southern Africa,UNICEF_ESARO,MNCH_ANC4,2022,57.5
Eastern and Southern Africa,UNICEF_ESA,MNCH_SAB,2018,67.3
Eastern and Southern Africa,UNICEF_ESA,MNCH_SAB,2019,70.1
Eastern and Southern Africa,UNICEF_ESA,MNCH_SAB,2020,72.5
Eastern and Southern Africa,UNICEF_ESA,MNCH_SAB,2021,74.8
Eastern and Southern Africa,UNICEF_ESA,MNCH_SAB,2022,76.8
Eastern and Southern Africa,UNICEF_ESARO,MNCH_SAB,2018,65.9
Eastern and Southern Africa,UNICEF_ESARO,MNCH_SAB,2019,68.8
Eastern and Southern Africa,UNICEF_ESARO,MNCH_SAB,2020,71.4
Eastern and Southern Africa,UNICEF_ESARO,MNCH_SAB,2021,73.7
Eastern and Southern Africa,UNICEF_ESARO,MNCH_SAB,2022,75.8
Economic Community of Central African States (ECCAS),AUREC_ECCAS,MNCH_ANC4,2018,49.9
Economic Community of Central African States (ECCAS),AUREC_ECCAS,MNCH_ANC4,2019,50.4
Economic Community of Central African States (ECCAS),AUREC_ECCAS,MNCH_ANC4,2020,51.0
Economic Community of Central African States (ECCAS),AUREC_ECCAS,MNCH_ANC4,2021,51.7
Economic Community of Central African States (ECCAS),AUREC_ECCAS,MNCH_ANC4,2022,52.4
Economic Community of Central African States (ECCAS),AUREC_ECCAS,MNCH_SAB,2018,73.6
Economic Community of Central African States (ECCAS),AUREC_ECCAS,MNCH_SAB,2019,74.9
Economic Community of Central African States (ECCAS),AUREC_ECCAS,MNCH_SAB,2020,76.2
Economic Community of Central African States (ECCAS),AUREC_ECCAS,MNCH_SAB,2021,77.5
Economic Community of Central African States (ECCAS),AUREC_ECCAS,MNCH_SAB,2022,78.6
Economic Community of West African States (ECOWAS 2025),AUREC_ECOWAS_202502,MNCH_ANC4,2018,58.0
Economic Community of West African States (ECOWAS 2025),AUREC_ECOWAS_202502,MNCH_ANC4,2019,59.1
Economic Community of West African States (ECOWAS 2025),AUREC_ECOWAS_202502,MNCH_ANC4,2020,60.2
Economic Community of West African States (ECOWAS 2025),AUREC_ECOWAS_202502,MNCH_ANC4,2021,61.3
Economic Community of West African States (ECOWAS 2025),AUREC_ECOWAS_202502,MNCH_ANC4,2022,62.1
Economic Community of West African States (ECOWAS 2025),AUREC_ECOWAS_202502,MNCH_SAB,2018,54.6
Economic Community of West African States (ECOWAS 2025),AUREC_ECOWAS_202502,MNCH_SAB,2019,56.1
Economic Community of West African States (ECOWAS 2025),AUREC_ECOWAS_202502,MNCH_SAB,2020,57.6
Economic Community of West African States (ECOWAS 2025),AUREC_ECOWAS_202502,MNCH_SAB,2021,59.2
Economic Community of West African States (ECOWAS 2025),AUREC_ECOWAS_202502,MNCH_SAB,2022,60.8
Economic Community of West African States (ECOWAS),AUREC_ECOWAS,MNCH_ANC4,2018,55.7
Economic Community of West African States (ECOWAS),AUREC_ECOWAS,MNCH_ANC4,2019,56.8
Economic Community of West African States (ECOWAS),AUREC_ECOWAS,MNCH_ANC4,2020,57.9
Economic Community of West African States (ECOWAS),AUREC_ECOWAS,MNCH_ANC4,2021,58.9
Economic Community of West African States (ECOWAS),AUREC_ECOWAS,MNCH_ANC4,2022,59.7
Economic Community of West African States (ECOWAS),AUREC_ECOWAS,MNCH_SAB,2018,55.9
Economic Community of West African States (ECOWAS),AUREC_ECOWAS,MNCH_SAB,2019,57.4
Economic Community of West African States (ECOWAS),AUREC_ECOWAS,MNCH_SAB,2020,59.0
Economic Community of West African States (ECOWAS),AUREC_ECOWAS,MNCH_SAB,2021,60.5
Economic Community of West African States (ECOWAS),AUREC_ECOWAS,MNCH_SAB,2022,62.0
Ecuador,ECU,MNCH_SAB,2018,96.0
Ecuador,ECU,MNCH_SAB,2019,97.2
Ecuador,ECU,MNCH_SAB,2020,96.3
Egypt,EGY,MNCH_ANC4,2021,89.9
Egypt,EGY,MNCH_SAB,2021,97.1
El Salvador,SLV,MNCH_SAB,2018,99.9
El Salvador,SLV,MNCH_SAB,2019,99.6
El Salvador,SLV,MNCH_SAB,2020,99.3
El Salvador,SLV,MNCH_SAB,2021,98.1
Estonia,EST,MNCH_SAB,2018,99.6
Estonia,EST,MNCH_SAB,2019,99.7
Estonia,EST,MNCH_SAB,2020,99.6
Estonia,EST,MNCH_SAB,2021,99.0
Estonia,EST,MNCH_SAB,2022,99.1
Eswatini,SWZ,MNCH_ANC4,2022,73.5
Eswatini,SWZ,MNCH_SAB,2022,93.4
Ethiopia,ETH,MNCH_ANC4,2019,43.0
Ethiopia,ETH,MNCH_SAB,2019,49.8
Europe,WHO_EURO,MNCH_ANC4,2018,91.3
Europe,WHO_EURO,MNCH_ANC4,2019,91.7
Europe,WHO_EURO,MNCH_ANC4,2020,92.1
Europe,WHO_EURO,MNCH_ANC4,2021,92.5
Europe,WHO_EURO,MNCH_ANC4,2022,92.8
Europe,UNSDG_EUROPE,MNCH_SAB,2018,98.9
Europe,UNSDG_EUROPE,MNCH_SAB,2019,98.9
Europe,UNSDG_EUROPE,MNCH_SAB,2020,98.9
Europe,UNSDG_EUROPE,MNCH_SAB,2021,98.8
Europe,UNSDG_EUROPE,MNCH_SAB,2022,98.8
Europe,WHO_EURO,MNCH_SAB,2018,99.0
Europe,WHO_EURO,MNCH_SAB,2019,99.0
Europe,WHO_EURO,MNCH_SAB,2020,99.0
Europe,WHO_EURO,MNCH_SAB,2021,99.0
Europe,WHO_EURO,MNCH_SAB,2022,99.0
Europe and Central Asia,UNICEF_ECA,MNCH_ANC4,2018,91.3
Europe and Central Asia,UNICEF_ECA,MNCH_ANC4,2019,91.7
Europe and Central Asia,UNICEF_ECA,MNCH_ANC4,2020,92.1
Europe and Central Asia,UNICEF_ECA,MNCH_ANC4,2021,92.5
Europe and Central Asia,UNICEF_ECA,MNCH_ANC4,2022,92.8
Europe and Central Asia,UNICEF_ECARO,MNCH_ANC4,2018,88.6
Europe and Central Asia,UNICEF_ECARO,MNCH_ANC4,2019,89.1
Europe and Central Asia,UNICEF_ECARO,MNCH_ANC4,2020,89.6
Europe and Central Asia,UNICEF_ECARO,MNCH_ANC4,2021,90.1
Europe and Central Asia,UNICEF_ECARO,MNCH_ANC4,2022,90.4
Europe and Central Asia,UNICEF_ECA,MNCH_SAB,2018,99.0
Europe and Central Asia,UNICEF_ECA,MNCH_SAB,2019,99.0
Europe and Central Asia,UNICEF_ECA,MNCH_SAB,2020,99.0
Europe and Central Asia,UNICEF_ECA,MNCH_SAB,2021,99.0
Europe and Central Asia,UNICEF_ECA,MNCH_SAB,2022,99.0
Europe and Central Asia,UNICEF_ECARO,MNCH_SAB,2018,99.1
Europe and Central Asia,UNICEF_ECARO,MNCH_SAB,2019,99.1
Europe and Central Asia,UNICEF_ECARO,MNCH_SAB,2020,99.1
Europe and Central Asia,UNICEF_ECARO,MNCH_SAB,2021,99.2
Europe and Central Asia,UNICEF_ECARO,MNCH_SAB,2022,99.2
Fiji,FJI,MNCH_ANC4,2021,88.7
Fiji,FJI,MNCH_SAB,2021,99.8
Finland,FIN,MNCH_SAB,2018,99.6
Finland,FIN,MNCH_SAB,2019,99.5
Finland,FIN,MNCH_SAB,2020,99.6
Finland,FIN,MNCH_SAB,2021,99.5
France,FRA,MNCH_SAB,2018,98.1
France,FRA,MNCH_SAB,2019,97.6
France,FRA,MNCH_SAB,2020,98.2
France,FRA,MNCH_SAB,2021,97.3
Gabon,GAB,MNCH_ANC4,2021,77.8
Gabon,GAB,MNCH_SAB,2021,95.2
Gambia,GMB,MNCH_ANC4,2018,75.6
Gambia,GMB,MNCH_ANC4,2020,78.5
Gambia,GMB,MNCH_SAB,2018,82.7
Gambia,GMB,MNCH_SAB,2020,83.8
Georgia,GEO,MNCH_ANC4,2018,81.1
Georgia,GEO,MNCH_ANC4,2019,84.9
Georgia,GEO,MNCH_ANC4,2020,85.2
Georgia,GEO,MNCH_SAB,2018,99.8
Georgia,GEO,MNCH_SAB,2019,99.8
Georgia,GEO,MNCH_SAB,2020,99.8
Georgia,GEO,MNCH_SAB,2021,99.8
Georgia,GEO,MNCH_SAB,2022,99.7
Germany,DEU,MNCH_SAB,2018,96.2
Germany,DEU,MNCH_SAB,2019,96.2
Germany,DEU,MNCH_SAB,2020,96.2
Germany,DEU,MNCH_SAB,2021,96.3
Ghana,GHA,MNCH_ANC4,2018,85.0
Ghana,GHA,MNCH_ANC4,2022,87.8
Ghana,GHA,MNCH_SAB,2018,78.9
Greece,GRC,MNCH_SAB,2018,99.9
Greece,GRC,MNCH_SAB,2019,99.9
Greece,GRC,MNCH_SAB,2020,99.9
Greece,GRC,MNCH_SAB,2021,99.9
Greece,GRC,MNCH_SAB,2022,99.9
Grenada,GRD,MNCH_SAB,2018,100.0
Grenada,GRD,MNCH_SAB,2019,100.0
Grenada,GRD,MNCH_SAB,2020,100.0
Guinea,GIN,MNCH_ANC4,2018,35.3
Guinea,GIN,MNCH_ANC4,2021,58.3
Guinea,GIN,MNCH_SAB,2018,55.3
Guinea-Bissau,GNB,MNCH_ANC4,2019,80.7
Guinea-Bissau,GNB,MNCH_SAB,2019,53.8
Guyana,GUY,MNCH_ANC4,2020,84.7
Guyana,GUY,MNCH_SAB,2018,95.1
Guyana,GUY,MNCH_SAB,2019,95.0
Guyana,GUY,MNCH_SAB,2020,97.6
Honduras,HND,MNCH_ANC4,2019,88.3
Honduras,HND,MNCH_SAB,2019,94.1
Iceland,ISL,MNCH_SAB,2018,98.2
Iceland,ISL,MNCH_SAB,2019,98.3
Iceland,ISL,MNCH_SAB,2020,97.4
India,IND,MNCH_ANC4,2021,58.4
India,IND,MNCH_SAB,2021,89.4
Indonesia,IDN,MNCH_SAB,2018,93.6
Indonesia,IDN,MNCH_SAB,2019,94.7
Intergovernmental Authority on Development (IGAD),AUREC_IGAD,MNCH_ANC4,2018,46.0
Intergovernmental Authority on Development (IGAD),AUREC_IGAD,MNCH_ANC4,2019,47.4
Intergovernmental Authority on Development (IGAD),AUREC_IGAD,MNCH_ANC4,2020,48.5
Intergovernmental Authority on Development (IGAD),AUREC_IGAD,MNCH_ANC4,2021,49.9
Intergovernmental Authority on Development (IGAD),AUREC_IGAD,MNCH_ANC4,2022,51.1
Intergovernmental Authority on Development (IGAD),AUREC_IGAD,MNCH_SAB,2018,59.2
Intergovernmental Authority on Development (IGAD),AUREC_IGAD,MNCH_SAB,2019,63.1
Intergovernmental Authority on Development (IGAD),AUREC_IGAD,MNCH_SAB,2020,66.7
Intergovernmental Authority on Development (IGAD),AUREC_IGAD,MNCH_SAB,2021,69.8
Intergovernmental Authority on Development (IGAD),AUREC_IGAD,MNCH_SAB,2022,72.6
Iraq,IRQ,MNCH_ANC4,2018,67.9
Iraq,IRQ,MNCH_SAB,2018,95.6
Ireland,IRL,MNCH_SAB,2018,99.7
Ireland,IRL,MNCH_SAB,2019,99.7
Ireland,IRL,MNCH_SAB,2020,99.6
Italy,ITA,MNCH_SAB,2018,99.9
Italy,ITA,MNCH_SAB,2019,99.8
Italy,ITA,MNCH_SAB,2020,99.8
Italy,ITA,MNCH_SAB,2021,99.4
Jamaica,JAM,MNCH_SAB,2018,99.7
Jamaica,JAM,MNCH_SAB,2019,99.7
Jamaica,JAM,MNCH_SAB,2020,99.8
Jamaica,JAM,MNCH_SAB,2021,99.8
Japan,JPN,MNCH_SAB,2018,99.9
Japan,JPN,MNCH_SAB,2019,99.9
Japan,JPN,MNCH_SAB,2020,99.9
Japan,JPN,MNCH_SAB,2021,99.8
Japan,JPN,MNCH_SAB,2022,99.8
Jordan,JOR,MNCH_ANC4,2018,91.5
Jordan,JOR,MNCH_SAB,2018,99.7
Kazakhstan,KAZ,MNCH_SAB,2018,99.9
Kenya,KEN,MNCH_ANC4,2020,58.5
Kenya,KEN,MNCH_ANC4,2022,66.0
Kenya,KEN,MNCH_SAB,2022,89.3
Kiribati,KIR,MNCH_ANC4,2019,67.0
Kiribati,KIR,MNCH_SAB,2019,91.9
Kosovo (UNSCR 1244),XKX,MNCH_ANC4,2020,94.4
Kuwait,KWT,MNCH_SAB,2018,99.9
Kuwait,KWT,MNCH_SAB,2019,99.9
Kuwait,KWT,MNCH_SAB,2020,99.9
Kuwait,KWT,MNCH_SAB,2021,99.9
Kuwait,KWT,MNCH_SAB,2022,99.2
Kyrgyzstan,KGZ,MNCH_ANC4,2018,94.3
Kyrgyzstan,KGZ,MNCH_ANC4,2021,89.0
Kyrgyzstan,KGZ,MNCH_SAB,2018,99.8
Kyrgyzstan,KGZ,MNCH_SAB,2020,100.0
Latin America and the Caribbean,UNFPA_LAC,MNCH_ANC4,2018,91.0
Latin America and the Caribbean,UNFPA_LAC,MNCH_ANC4,2019,91.5
Latin America and the Caribbean,UNFPA_LAC,MNCH_ANC4,2020,91.9
Latin America and the Caribbean,UNFPA_LAC,MNCH_ANC4,2021,92.3
Latin America and the Caribbean,UNFPA_LAC,MNCH_ANC4,2022,92.8
Latin America and the Caribbean,UNICEF_LAC,MNCH_ANC4,2018,91.0
Latin America and the Caribbean,UNICEF_LAC,MNCH_ANC4,2019,91.5
Latin America and the Caribbean,UNICEF_LAC,MNCH_ANC4,2020,91.9
Latin America and the Caribbean,UNICEF_LAC,MNCH_ANC4,2021,92.3
Latin America and the Caribbean,UNICEF_LAC,MNCH_ANC4,2022,92.8
Latin America and the Caribbean,UNICEF_LACRO,MNCH_ANC4,2018,91.0
Latin America and the Caribbean,UNICEF_LACRO,MNCH_ANC4,2019,91.5
Latin America and the Caribbean,UNICEF_LACRO,MNCH_ANC4,2020,91.9
Latin America and the Caribbean,UNICEF_LACRO,MNCH_ANC4,2021,92.3
Latin America and the Caribbean,UNICEF_LACRO,MNCH_ANC4,2022,92.8
Latin America and the Caribbean,UNSDG_LAC,MNCH_ANC4,2018,91.0
Latin America and the Caribbean,UNSDG_LAC,MNCH_ANC4,2019,91.5
Latin America and the Caribbean,UNSDG_LAC,MNCH_ANC4,2020,91.9
Latin America and the Caribbean,UNSDG_LAC,MNCH_ANC4,2021,92.3
Latin America and the Caribbean,UNSDG_LAC,MNCH_ANC4,2022,92.8
Latin America and the Caribbean,UNFPA_LAC,MNCH_SAB,2018,94.3
Latin America and the Caribbean,UNFPA_LAC,MNCH_SAB,2019,94.3
Latin America and the Caribbean,UNFPA_LAC,MNCH_SAB,2020,94.2
Latin America and the Caribbean,UNFPA_LAC,MNCH_SAB,2021,94.2
Latin America and the Caribbean,UNFPA_LAC,MNCH_SAB,2022,94.2
Latin America and the Caribbean,UNICEF_LAC,MNCH_SAB,2018,94.3
Latin America and the Caribbean,UNICEF_LAC,MNCH_SAB,2019,94.3
Latin America and the Caribbean,UNICEF_LAC,MNCH_SAB,2020,94.2
Latin America and the Caribbean,UNICEF_LAC,MNCH_SAB,2021,94.2
Latin America and the Caribbean,UNICEF_LAC,MNCH_SAB,2022,94.2
Latin America and the Caribbean,UNICEF_LACRO,MNCH_SAB,2018,94.3
Latin America and the Caribbean,UNICEF_LACRO,MNCH_SAB,2019,94.3
Latin America and the Caribbean,UNICEF_LACRO,MNCH_SAB,2020,94.2
Latin America and the Caribbean,UNICEF_LACRO,MNCH_SAB,2021,94.2
Latin America and the Caribbean,UNICEF_LACRO,MNCH_SAB,2022,94.2
Latin America and the Caribbean,UNSDG_LAC,MNCH_SAB,2018,94.3
Latin America and the Caribbean,UNSDG_LAC,MNCH_SAB,2019,94.3
Latin America and the Caribbean,UNSDG_LAC,MNCH_SAB,2020,94.2
Latin America and the Caribbean,UNSDG_LAC,MNCH_SAB,2021,94.2
Latin America and the Caribbean,UNSDG_LAC,MNCH_SAB,2022,94.2
Latvia,LVA,MNCH_SAB,2018,97.9
Latvia,LVA,MNCH_SAB,2019,98.0
Latvia,LVA,MNCH_SAB,2020,98.1
Latvia,LVA,MNCH_SAB,2021,98.1
Latvia,LVA,MNCH_SAB,2022,98.1
Least Developed Countries (LDC),UNSDG_LDC,MNCH_ANC4,2018,47.7
Least Developed Countries (LDC),UNSDG_LDC,MNCH_ANC4,2019,48.7
Least Developed Countries (LDC),UNSDG_LDC,MNCH_ANC4,2020,49.5
Least Developed Countries (LDC),UNSDG_LDC,MNCH_ANC4,2021,50.5
Least Developed Countries (LDC),UNSDG_LDC,MNCH_ANC4,2022,51.3
Least Developed Countries (LDC),UNSDG_LDC,MNCH_SAB,2018,64.7
Least Developed Countries (LDC),UNSDG_LDC,MNCH_SAB,2019,67.2
Least Developed Countries (LDC),UNSDG_LDC,MNCH_SAB,2020,69.4
Least Developed Countries (LDC),UNSDG_LDC,MNCH_SAB,2021,71.5
Least Developed Countries (LDC),UNSDG_LDC,MNCH_SAB,2022,73.4
Lesotho,LSO,MNCH_ANC4,2018,76.6
Lesotho,LSO,MNCH_SAB,2018,86.6
Liberia,LBR,MNCH_ANC4,2020,87.3
Liberia,LBR,MNCH_SAB,2020,84.4
Lithuania,LTU,MNCH_SAB,2018,100.0
Lithuania,LTU,MNCH_SAB,2019,100.0
Lithuania,LTU,MNCH_SAB,2020,100.0
Lithuania,LTU,MNCH_SAB,2021,100.0
Lithuania,LTU,MNCH_SAB,2022,100.0
Madagascar,MDG,MNCH_ANC4,2018,50.6
Madagascar,MDG,MNCH_ANC4,2021,59.9
Madagascar,MDG,MNCH_SAB,2018,46.1
Madagascar,MDG,MNCH_SAB,2021,45.8
Malawi,MWI,MNCH_ANC4,2020,50.5
Malawi,MWI,MNCH_SAB,2020,96.4
Malaysia,MYS,MNCH_ANC4,2022,98.1
Malaysia,MYS,MNCH_SAB,2018,99.6
Malaysia,MYS,MNCH_SAB,2021,99.6
Malaysia,MYS,MNCH_SAB,2022,99.8
Mali,MLI,MNCH_ANC4,2018,43.3
Mali,MLI,MNCH_SAB,2018,67.3
Malta,MLT,MNCH_SAB,2018,99.7
Malta,MLT,MNCH_SAB,2019,99.7
Malta,MLT,MNCH_SAB,2020,99.9
Malta,MLT,MNCH_SAB,2021,99.8
Malta,MLT,MNCH_SAB,2022,99.8
Mauritania,MRT,MNCH_ANC4,2021,38.5
Mauritania,MRT,MNCH_SAB,2021,70.4
Mauritius,MUS,MNCH_SAB,2018,99.8
Mauritius,MUS,MNCH_SAB,2019,99.8
Mauritius,MUS,MNCH_SAB,2020,99.7
Mauritius,MUS,MNCH_SAB,2021,99.7
Mexico,MEX,MNCH_SAB,2018,92.1
Mexico,MEX,MNCH_SAB,2019,89.4
Mexico,MEX,MNCH_SAB,2020,88.7
Mexico,MEX,MNCH_SAB,2021,85.1
Mexico,MEX,MNCH_SAB,2022,87.5
Middle Africa,UNSDG_MIDDLEAFR,MNCH_ANC4,2018,50.1
Middle Africa,UNSDG_MIDDLEAFR,MNCH_ANC4,2019,50.5
Middle Africa,UNSDG_MIDDLEAFR,MNCH_ANC4,2020,51.1
Middle Africa,UNSDG_MIDDLEAFR,MNCH_ANC4,2021,51.7
Middle Africa,UNSDG_MIDDLEAFR,MNCH_ANC4,2022,52.4
Middle Africa,UNSDG_MIDDLEAFR,MNCH_SAB,2018,71.9
Middle Africa,UNSDG_MIDDLEAFR,MNCH_SAB,2019,73.3
Middle Africa,UNSDG_MIDDLEAFR,MNCH_SAB,2020,74.7
Middle Africa,UNSDG_MIDDLEAFR,MNCH_SAB,2021,76.0
Middle Africa,UNSDG_MIDDLEAFR,MNCH_SAB,2022,77.2
Middle East and North Africa,UNICEF_MENA,MNCH_ANC4,2018,74.3
Middle East and North Africa,UNICEF_MENA,MNCH_ANC4,2019,74.6
Middle East and North Africa,UNICEF_MENA,MNCH_ANC4,2020,75.2
Middle East and North Africa,UNICEF_MENA,MNCH_ANC4,2021,75.8
Middle East and North Africa,UNICEF_MENA,MNCH_ANC4,2022,76.6
Middle East and North Africa,UNICEF_MENARO,MNCH_ANC4,2018,71.5
Middle East and North Africa,UNICEF_MENARO,MNCH_ANC4,2019,71.7
Middle East and North Africa,UNICEF_MENARO,MNCH_ANC4,2020,72.3
Middle East and North Africa,UNICEF_MENARO,MNCH_ANC4,2021,72.9
Middle East and North Africa,UNICEF_MENARO,MNCH_ANC4,2022,73.7
Middle East and North Africa,UNICEF_MENA,MNCH_SAB,2018,91.9
Middle East and North Africa,UNICEF_MENA,MNCH_SAB,2019,92.3
Middle East and North Africa,UNICEF_MENA,MNCH_SAB,2020,92.7
Middle East and North Africa,UNICEF_MENA,MNCH_SAB,2021,93.2
Middle East and North Africa,UNICEF_MENA,MNCH_SAB,2022,93.6
Middle East and North Africa,UNICEF_MENARO,MNCH_SAB,2018,90.7
Middle East and North Africa,UNICEF_MENARO,MNCH_SAB,2019,91.2
Middle East and North Africa,UNICEF_MENARO,MNCH_SAB,2020,91.7
Middle East and North Africa,UNICEF_MENARO,MNCH_SAB,2021,92.3
Middle East and North Africa,UNICEF_MENARO,MNCH_SAB,2022,92.7
Mongolia,MNG,MNCH_ANC4,2018,88.5
Mongolia,MNG,MNCH_SAB,2018,99.3
Montenegro,MNE,MNCH_ANC4,2018,94.2
Montenegro,MNE,MNCH_SAB,2018,98.8
Montserrat,MSR,MNCH_SAB,2018,100.0
Montserrat,MSR,MNCH_SAB,2019,100.0
Montserrat,MSR,MNCH_SAB,2020,100.0
Morocco,MAR,MNCH_ANC4,2018,53.5
Morocco,MAR,MNCH_SAB,2018,86.6
Mozambique,MOZ,MNCH_ANC4,2018,51.0
Nepal,NPL,MNCH_ANC4,2019,77.8
Nepal,NPL,MNCH_ANC4,2022,80.5
Nepal,NPL,MNCH_SAB,2019,77.2
Nepal,NPL,MNCH_SAB,2022,80.1
New Zealand,NZL,MNCH_SAB,2018,96.4
New Zealand,NZL,MNCH_SAB,2019,96.5
New Zealand,NZL,MNCH_SAB,2020,94.5
New Zealand,NZL,MNCH_SAB,2021,95.8
Niger,NER,MNCH_ANC4,2021,37.3
Niger,NER,MNCH_SAB,2021,43.7
Nigeria,NGA,MNCH_ANC4,2018,56.8
Nigeria,NGA,MNCH_ANC4,2021,60.4
Nigeria,NGA,MNCH_SAB,2018,43.3
Nigeria,NGA,MNCH_SAB,2021,50.7
North America,UNICEF_NA,MNCH_ANC4,2018,97.8
North America,UNICEF_NA,MNCH_ANC4,2019,98.0
North America,UNICEF_NA,MNCH_ANC4,2020,98.1
North America,UNICEF_NA,MNCH_ANC4,2021,98.2
North America,UNICEF_NA,MNCH_ANC4,2022,98.3
North America,UNICEF_NA,MNCH_SAB,2018,98.9
North America,UNICEF_NA,MNCH_SAB,2019,98.9
North America,UNICEF_NA,MNCH_SAB,2020,98.8
North America,UNICEF_NA,MNCH_SAB,2021,98.8
North America,UNICEF_NA,MNCH_SAB,2022,98.7
North Macedonia,MKD,MNCH_ANC4,2019,95.7
North Macedonia,MKD,MNCH_SAB,2018,99.9
North Macedonia,MKD,MNCH_SAB,2019,100.0
North Macedonia,MKD,MNCH_SAB,2020,100.0
North Macedonia,MKD,MNCH_SAB,2021,100.0
Northern Africa,UNSDG_NORTHAFR,MNCH_ANC4,2018,72.3
Northern Africa,UNSDG_NORTHAFR,MNCH_ANC4,2019,72.9
Northern Africa,UNSDG_NORTHAFR,MNCH_ANC4,2020,73.9
Northern Africa,UNSDG_NORTHAFR,MNCH_ANC4,2021,74.7
Northern Africa,UNSDG_NORTHAFR,MNCH_ANC4,2022,75.7
Northern Africa,UNSDG_NORTHAFR,MNCH_SAB,2018,92.2
Northern Africa,UNSDG_NORTHAFR,MNCH_SAB,2019,92.8
Northern Africa,UNSDG_NORTHAFR,MNCH_SAB,2020,93.4
Northern Africa,UNSDG_NORTHAFR,MNCH_SAB,2021,94.0
Northern Africa,UNSDG_NORTHAFR,MNCH_SAB,2022,94.5
Northern Africa (African Union),AU_NORTHERN_AFRICA,MNCH_ANC4,2018,77.4
Northern Africa (African Union),AU_NORTHERN_AFRICA,MNCH_ANC4,2019,78.2
Northern Africa (African Union),AU_NORTHERN_AFRICA,MNCH_ANC4,2020,79.3
Northern Africa (African Union),AU_NORTHERN_AFRICA,MNCH_ANC4,2021,80.3
Northern Africa (African Union),AU_NORTHERN_AFRICA,MNCH_ANC4,2022,81.5
Northern Africa (African Union),AU_NORTHERN_AFRICA,MNCH_SAB,2018,94.3
Northern Africa (African Union),AU_NORTHERN_AFRICA,MNCH_SAB,2019,94.9
Northern Africa (African Union),AU_NORTHERN_AFRICA,MNCH_SAB,2020,95.3
Northern Africa (African Union),AU_NORTHERN_AFRICA,MNCH_SAB,2021,95.8
Northern Africa (African Union),AU_NORTHERN_AFRICA,MNCH_SAB,2022,96.1
Northern Africa and Western Asia,UNSDG_WESTERNASIANORTHERNAFR,MNCH_ANC4,2018,71.1
Northern Africa and Western Asia,UNSDG_WESTERNASIANORTHERNAFR,MNCH_ANC4,2019,71.6
Northern Africa and Western Asia,UNSDG_WESTERNASIANORTHERNAFR,MNCH_ANC4,2020,72.2
Northern Africa and Western Asia,UNSDG_WESTERNASIANORTHERNAFR,MNCH_ANC4,2021,72.8
Northern Africa and Western Asia,UNSDG_WESTERNASIANORTHERNAFR,MNCH_ANC4,2022,73.5
Northern Africa and Western Asia,UNSDG_WESTERNASIANORTHERNAFR,MNCH_SAB,2018,90.8
Northern Africa and Western Asia,UNSDG_WESTERNASIANORTHERNAFR,MNCH_SAB,2019,91.3
Northern Africa and Western Asia,UNSDG_WESTERNASIANORTHERNAFR,MNCH_SAB,2020,91.9
Northern Africa and Western Asia,UNSDG_WESTERNASIANORTHERNAFR,MNCH_SAB,2021,92.4
Northern Africa and Western Asia,UNSDG_WESTERNASIANORTHERNAFR,MNCH_SAB,2022,92.9
Northern America,UNSDG_NORTHERNAMR,MNCH_ANC4,2018,97.8
Northern America,UNSDG_NORTHERNAMR,MNCH_ANC4,2019,98.0
Northern America,UNSDG_NORTHERNAMR,MNCH_ANC4,2020,98.1
Northern America,UNSDG_NORTHERNAMR,MNCH_ANC4,2021,98.2
Northern America,UNSDG_NORTHERNAMR,MNCH_ANC4,2022,98.3
Northern America,UNSDG_NORTHERNAMR,MNCH_SAB,2018,98.9
Northern America,UNSDG_NORTHERNAMR,MNCH_SAB,2019,98.9
Northern America,UNSDG_NORTHERNAMR,MNCH_SAB,2020,98.8
Northern America,UNSDG_NORTHERNAMR,MNCH_SAB,2021,98.8
Northern America,UNSDG_NORTHERNAMR,MNCH_SAB,2022,98.7
Norway,NOR,MNCH_SAB,2018,99.2
Norway,NOR,MNCH_SAB,2019,99.3
Norway,NOR,MNCH_SAB,2020,99.2
Norway,NOR,MNCH_SAB,2021,99.2
Norway,NOR,MNCH_SAB,2022,99.1
Oceania,UNSDG_OCEANIA,MNCH_ANC4,2018,76.0
Oceania,UNSDG_OCEANIA,MNCH_ANC4,2019,76.0
Oceania,UNSDG_OCEANIA,MNCH_ANC4,2020,76.0
Oceania,UNSDG_OCEANIA,MNCH_ANC4,2021,76.8
Oceania,UNSDG_OCEANIA,MNCH_ANC4,2022,77.1
Oceania,UNSDG_OCEANIA,MNCH_SAB,2018,83.9
Oceania,UNSDG_OCEANIA,MNCH_SAB,2019,84.0
Oceania,UNSDG_OCEANIA,MNCH_SAB,2020,84.2
Oceania,UNSDG_OCEANIA,MNCH_SAB,2021,84.6
Oceania,UNSDG_OCEANIA,MNCH_SAB,2022,85.0
Oceania (exc. Australia and New Zealand),UNSDG_OCEANIAexAUSNZL,MNCH_ANC4,2018,56.3
Oceania (exc. Australia and New Zealand),UNSDG_OCEANIAexAUSNZL,MNCH_ANC4,2019,56.7
Oceania (exc. Australia and New Zealand),UNSDG_OCEANIAexAUSNZL,MNCH_ANC4,2020,57.2
Oceania (exc. Australia and New Zealand),UNSDG_OCEANIAexAUSNZL,MNCH_ANC4,2021,57.9
Oceania (exc. Australia and New Zealand),UNSDG_OCEANIAexAUSNZL,MNCH_ANC4,2022,58.4
Oceania (exc. Australia and New Zealand),UNSDG_OCEANIAexAUSNZL,MNCH_SAB,2018,66.4
Oceania (exc. Australia and New Zealand),UNSDG_OCEANIAexAUSNZL,MNCH_SAB,2019,67.2
Oceania (exc. Australia and New Zealand),UNSDG_OCEANIAexAUSNZL,MNCH_SAB,2020,68.1
Oceania (exc. Australia and New Zealand),UNSDG_OCEANIAexAUSNZL,MNCH_SAB,2021,69.0
Oceania (exc. Australia and New Zealand),UNSDG_OCEANIAexAUSNZL,MNCH_SAB,2022,69.8
Oman,OMN,MNCH_ANC4,2018,76.4
Oman,OMN,MNCH_ANC4,2019,73.9
Oman,OMN,MNCH_SAB,2018,98.6
Oman,OMN,MNCH_SAB,2019,98.6
Oman,OMN,MNCH_SAB,2020,100.0
Oman,OMN,MNCH_SAB,2021,100.0
Oman,OMN,MNCH_SAB,2022,100.0
Pakistan,PAK,MNCH_ANC4,2018,51.4
Pakistan,PAK,MNCH_ANC4,2019,52.4
Pakistan,PAK,MNCH_SAB,2018,69.3
Pakistan,PAK,MNCH_SAB,2019,73.7
Pakistan,PAK,MNCH_SAB,2020,68.0
Palau,PLW,MNCH_SAB,2018,100.0
Palau,PLW,MNCH_SAB,2019,100.0
Palau,PLW,MNCH_SAB,2020,97.2
Palau,PLW,MNCH_SAB,2021,100.0
Palau,PLW,MNCH_SAB,2022,98.7
Panama,PAN,MNCH_SAB,2018,92.9
Panama,PAN,MNCH_SAB,2019,95.0
Panama,PAN,MNCH_SAB,2020,95.0
Panama,PAN,MNCH_SAB,2021,92.5
Papua New Guinea,PNG,MNCH_ANC4,2018,49.0
Papua New Guinea,PNG,MNCH_SAB,2018,56.4
Paraguay,PRY,MNCH_ANC4,2018,85.9
Paraguay,PRY,MNCH_ANC4,2019,85.1
Paraguay,PRY,MNCH_ANC4,2021,81.0
Paraguay,PRY,MNCH_SAB,2018,97.7
Paraguay,PRY,MNCH_SAB,2019,92.2
Paraguay,PRY,MNCH_SAB,2020,91.2
Paraguay,PRY,MNCH_SAB,2021,91.2
Peru,PER,MNCH_ANC4,2019,96.3
Peru,PER,MNCH_ANC4,2020,95.8
Peru,PER,MNCH_SAB,2018,93.7
Peru,PER,MNCH_SAB,2019,94.4
Peru,PER,MNCH_SAB,2020,95.7
Peru,PER,MNCH_SAB,2021,94.9
Philippines,PHL,MNCH_ANC4,2022,83.0
Philippines,PHL,MNCH_SAB,2022,89.6
Poland,POL,MNCH_SAB,2018,99.8
Poland,POL,MNCH_SAB,2019,99.8
Poland,POL,MNCH_SAB,2020,99.7
Poland,POL,MNCH_SAB,2021,99.6
Poland,POL,MNCH_SAB,2022,99.6
Portugal,PRT,MNCH_SAB,2018,99.9
Portugal,PRT,MNCH_SAB,2019,99.9
Portugal,PRT,MNCH_SAB,2020,98.6
Portugal,PRT,MNCH_SAB,2021,97.6
Portugal,PRT,MNCH_SAB,2022,97.3
Qatar,QAT,MNCH_SAB,2018,100.0
Qatar,QAT,MNCH_SAB,2019,100.0
Qatar,QAT,MNCH_SAB,2020,100.0
Qatar,QAT,MNCH_SAB,2021,100.0
Republic of Korea,KOR,MNCH_SAB,2021,100.0
Republic of Moldova,MDA,MNCH_SAB,2018,99.7
Republic of Moldova,MDA,MNCH_SAB,2019,99.7
Republic of Moldova,MDA,MNCH_SAB,2020,99.6
Republic of Moldova,MDA,MNCH_SAB,2021,99.6
Republic of Moldova,MDA,MNCH_SAB,2022,99.7
Romania,ROU,MNCH_ANC4,2021,70.1
Romania,ROU,MNCH_SAB,2018,93.1
Romania,ROU,MNCH_SAB,2019,91.5
Romania,ROU,MNCH_SAB,2020,92.7
Romania,ROU,MNCH_SAB,2021,94.7
Russian Federation,RUS,MNCH_SAB,2018,99.7
Russian Federation,RUS,MNCH_SAB,2019,99.7
Russian Federation,RUS,MNCH_SAB,2020,99.6
Russian Federation,RUS,MNCH_SAB,2021,99.7
Russian Federation,RUS,MNCH_SAB,2022,99.7
Rwanda,RWA,MNCH_ANC4,2020,47.2
Rwanda,RWA,MNCH_SAB,2020,94.2
SDG regions - Global,UNSDG_REGION_GLOBAL,MNCH_ANC4,2018,67.5
SDG regions - Global,UNSDG_REGION_GLOBAL,MNCH_ANC4,2019,68.2
SDG regions - Global,UNSDG_REGION_GLOBAL,MNCH_ANC4,2020,68.4
SDG regions - Global,UNSDG_REGION_GLOBAL,MNCH_ANC4,2021,68.9
SDG regions - Global,UNSDG_REGION_GLOBAL,MNCH_ANC4,2022,69.4
SDG regions - Global,UNSDG_REGION_GLOBAL,MNCH_SAB,2018,82.5
SDG regions - Global,UNSDG_REGION_GLOBAL,MNCH_SAB,2019,83.3
SDG regions - Global,UNSDG_REGION_GLOBAL,MNCH_SAB,2020,83.9
SDG regions - Global,UNSDG_REGION_GLOBAL,MNCH_SAB,2021,84.7
SDG regions - Global,UNSDG_REGION_GLOBAL,MNCH_SAB,2022,85.5
Saint Kitts and Nevis,KNA,MNCH_SAB,2018,100.0
Saint Kitts and Nevis,KNA,MNCH_SAB,2019,100.0
Saint Kitts and Nevis,KNA,MNCH_SAB,2020,100.0
Saint Kitts and Nevis,KNA,MNCH_SAB,2021,100.0
Saint Lucia,LCA,MNCH_SAB,2018,100.0
Saint Lucia,LCA,MNCH_SAB,2019,100.0
Saint Lucia,LCA,MNCH_SAB,2020,100.0
Saint Lucia,LCA,MNCH_SAB,2021,100.0
Saint Vincent and the Grenadines,VCT,MNCH_SAB,2018,99.5
Saint Vincent and the Grenadines,VCT,MNCH_SAB,2019,99.5
Saint Vincent and the Grenadines,VCT,MNCH_SAB,2020,98.1
Saint Vincent and the Grenadines,VCT,MNCH_SAB,2021,99.0
Samoa,WSM,MNCH_ANC4,2020,69.8
Samoa,WSM,MNCH_ANC4,2021,69.8
Samoa,WSM,MNCH_SAB,2020,88.9
Sao Tome and Principe,STP,MNCH_SAB,2019,96.8
Saudi Arabia,SAU,MNCH_ANC4,2019,79.7
Saudi Arabia,SAU,MNCH_SAB,2018,99.4
Saudi Arabia,SAU,MNCH_SAB,2019,94.8
Senegal,SEN,MNCH_ANC4,2018,58.5
Senegal,SEN,MNCH_ANC4,2019,55.5
Senegal,SEN,MNCH_ANC4,2021,29.2
Senegal,SEN,MNCH_SAB,2018,74.2
Senegal,SEN,MNCH_SAB,2019,74.5
Serbia,SRB,MNCH_ANC4,2019,96.6
Serbia,SRB,MNCH_SAB,2019,99.9
Seychelles,SYC,MNCH_SAB,2019,98.8
Seychelles,SYC,MNCH_SAB,2020,99.5
Seychelles,SYC,MNCH_SAB,2021,99.0
Seychelles,SYC,MNCH_SAB,2022,99.8
Sierra Leone,SLE,MNCH_ANC4,2019,78.8
Sierra Leone,SLE,MNCH_SAB,2019,86.9
Singapore,SGP,MNCH_SAB,2018,99.6
Singapore,SGP,MNCH_SAB,2019,99.6
Singapore,SGP,MNCH_SAB,2020,99.6
Singapore,SGP,MNCH_SAB,2021,99.6
Singapore,SGP,MNCH_SAB,2022,99.5
Slovakia,SVK,MNCH_SAB,2018,98.0
Slovakia,SVK,MNCH_SAB,2019,98.3
Slovakia,SVK,MNCH_SAB,2020,98.2
Slovakia,SVK,MNCH_SAB,2021,98.0
Slovakia,SVK,MNCH_SAB,2022,98.1
Somalia,SOM,MNCH_ANC4,2019,24.4
Somalia,SOM,MNCH_SAB,2019,31.9
South America,UNSDG_SOUTHAMR,MNCH_ANC4,2018,90.7
South America,UNSDG_SOUTHAMR,MNCH_ANC4,2019,91.1
South America,UNSDG_SOUTHAMR,MNCH_ANC4,2020,91.5
South America,UNSDG_SOUTHAMR,MNCH_ANC4,2021,92.0
South America,UNSDG_SOUTHAMR,MNCH_ANC4,2022,92.4
South America,UNSDG_SOUTHAMR,MNCH_SAB,2018,97.5
South America,UNSDG_SOUTHAMR,MNCH_SAB,2019,97.5
South America,UNSDG_SOUTHAMR,MNCH_SAB,2020,97.6
South America,UNSDG_SOUTHAMR,MNCH_SAB,2021,97.6
South America,UNSDG_SOUTHAMR,MNCH_SAB,2022,97.6
South Asia,UNICEF_ROSA,MNCH_ANC4,2018,51.7
South Asia,UNICEF_ROSA,MNCH_ANC4,2019,53.1
South Asia,UNICEF_ROSA,MNCH_ANC4,2020,54.4
South Asia,UNICEF_ROSA,MNCH_ANC4,2021,55.7
South Asia,UNICEF_ROSA,MNCH_ANC4,2022,57.0
South Asia,UNICEF_SA,MNCH_ANC4,2018,51.7
South Asia,UNICEF_SA,MNCH_ANC4,2019,53.1
South Asia,UNICEF_SA,MNCH_ANC4,2020,54.4
South Asia,UNICEF_SA,MNCH_ANC4,2021,55.7
South Asia,UNICEF_SA,MNCH_ANC4,2022,57.0
South Asia,UNICEF_ROSA,MNCH_SAB,2018,79.0
South Asia,UNICEF_ROSA,MNCH_SAB,2019,80.6
South Asia,UNICEF_ROSA,MNCH_SAB,2020,81.9
South Asia,UNICEF_ROSA,MNCH_SAB,2021,83.3
South Asia,UNICEF_ROSA,MNCH_SAB,2022,84.6
South Asia,UNICEF_SA,MNCH_SAB,2018,79.0
South Asia,UNICEF_SA,MNCH_SAB,2019,80.6
South Asia,UNICEF_SA,MNCH_SAB,2020,81.9
South Asia,UNICEF_SA,MNCH_SAB,2021,83.3
South Asia,UNICEF_SA,MNCH_SAB,2022,84.6
South Sudan,SSD,MNCH_ANC4,2020,31.1
South Sudan,SSD,MNCH_SAB,2020,39.7
South-East Asia,WHO_SEARO,MNCH_ANC4,2018,58.8
South-East Asia,WHO_SEARO,MNCH_ANC4,2019,60.1
South-East Asia,WHO_SEARO,MNCH_ANC4,2020,61.2
South-East Asia,WHO_SEARO,MNCH_ANC4,2021,62.3
South-East Asia,WHO_SEARO,MNCH_ANC4,2022,63.4
South-East Asia,WHO_SEARO,MNCH_SAB,2018,83.8
South-East Asia,WHO_SEARO,MNCH_SAB,2019,85.2
South-East Asia,WHO_SEARO,MNCH_SAB,2020,86.5
South-East Asia,WHO_SEARO,MNCH_SAB,2021,87.7
South-East Asia,WHO_SEARO,MNCH_SAB,2022,88.7
South-eastern Asia,UNSDG_SOUTHEASTERNASIA,MNCH_ANC4,2018,83.0
South-eastern Asia,UNSDG_SOUTHEASTERNASIA,MNCH_ANC4,2019,83.7
South-eastern Asia,UNSDG_SOUTHEASTERNASIA,MNCH_ANC4,2020,84.4
South-eastern Asia,UNSDG_SOUTHEASTERNASIA,MNCH_ANC4,2021,85.2
South-eastern Asia,UNSDG_SOUTHEASTERNASIA,MNCH_ANC4,2022,86.0
South-eastern Asia,UNSDG_SOUTHEASTERNASIA,MNCH_SAB,2018,89.5
South-eastern Asia,UNSDG_SOUTHEASTERNASIA,MNCH_SAB,2019,90.2
South-eastern Asia,UNSDG_SOUTHEASTERNASIA,MNCH_SAB,2020,90.9
South-eastern Asia,UNSDG_SOUTHEASTERNASIA,MNCH_SAB,2021,91.4
South-eastern Asia,UNSDG_SOUTHEASTERNASIA,MNCH_SAB,2022,91.9
Southern Africa,UNSDG_SOUTHERNAFR,MNCH_ANC4,2018,78.1
Southern Africa,UNSDG_SOUTHERNAFR,MNCH_ANC4,2019,78.6
Southern Africa,UNSDG_SOUTHERNAFR,MNCH_ANC4,2020,79.1
Southern Africa,UNSDG_SOUTHERNAFR,MNCH_ANC4,2021,79.7
Southern Africa,UNSDG_SOUTHERNAFR,MNCH_ANC4,2022,80.2
Southern Africa,UNSDG_SOUTHERNAFR,MNCH_SAB,2018,96.4
Southern Africa,UNSDG_SOUTHERNAFR,MNCH_SAB,2019,96.7
Southern Africa,UNSDG_SOUTHERNAFR,MNCH_SAB,2020,96.9
Southern Africa,UNSDG_SOUTHERNAFR,MNCH_SAB,2021,97.1
Southern Africa,UNSDG_SOUTHERNAFR,MNCH_SAB,2022,97.3
Southern Africa (African Union),AU_SOUTHERN_AFRICA,MNCH_ANC4,2018,63.6
Southern Africa (African Union),AU_SOUTHERN_AFRICA,MNCH_ANC4,2019,64.3
Southern Africa (African Union),AU_SOUTHERN_AFRICA,MNCH_ANC4,2020,64.9
Southern Africa (African Union),AU_SOUTHERN_AFRICA,MNCH_ANC4,2021,65.5
Southern Africa (African Union),AU_SOUTHERN_AFRICA,MNCH_ANC4,2022,66.1
Southern Africa (African Union),AU_SOUTHERN_AFRICA,MNCH_SAB,2018,79.1
Southern Africa (African Union),AU_SOUTHERN_AFRICA,MNCH_SAB,2019,80.3
Southern Africa (African Union),AU_SOUTHERN_AFRICA,MNCH_SAB,2020,81.3
Southern Africa (African Union),AU_SOUTHERN_AFRICA,MNCH_SAB,2021,82.2
Southern Africa (African Union),AU_SOUTHERN_AFRICA,MNCH_SAB,2022,83.0
Southern African Development Community (SADC),AUREC_SADC,MNCH_ANC4,2018,55.8
Southern African Development Community (SADC),AUREC_SADC,MNCH_ANC4,2019,56.6
Southern African Development Community (SADC),AUREC_SADC,MNCH_ANC4,2020,57.3
Southern African Development Community (SADC),AUREC_SADC,MNCH_ANC4,2021,58.1
Southern African Development Community (SADC),AUREC_SADC,MNCH_ANC4,2022,58.8
Southern African Development Community (SADC),AUREC_SADC,MNCH_SAB,2018,77.4
Southern African Development Community (SADC),AUREC_SADC,MNCH_SAB,2019,78.9
Southern African Development Community (SADC),AUREC_SADC,MNCH_SAB,2020,80.3
Southern African Development Community (SADC),AUREC_SADC,MNCH_SAB,2021,81.5
Southern African Development Community (SADC),AUREC_SADC,MNCH_SAB,2022,82.7
Southern Asia,UNSDG_SOUTHASIA,MNCH_ANC4,2018,53.4
Southern Asia,UNSDG_SOUTHASIA,MNCH_ANC4,2019,54.6
Southern Asia,UNSDG_SOUTHASIA,MNCH_ANC4,2020,55.8
Southern Asia,UNSDG_SOUTHASIA,MNCH_ANC4,2021,57.0
Southern Asia,UNSDG_SOUTHASIA,MNCH_ANC4,2022,58.3
Southern Asia,UNSDG_SOUTHASIA,MNCH_SAB,2018,79.8
Southern Asia,UNSDG_SOUTHASIA,MNCH_SAB,2019,81.2
Southern Asia,UNSDG_SOUTHASIA,MNCH_SAB,2020,82.5
Southern Asia,UNSDG_SOUTHASIA,MNCH_SAB,2021,83.8
Southern Asia,UNSDG_SOUTHASIA,MNCH_SAB,2022,85.0
Spain,ESP,MNCH_SAB,2018,99.9
Spain,ESP,MNCH_SAB,2019,99.9
Spain,ESP,MNCH_SAB,2020,99.9
Spain,ESP,MNCH_SAB,2021,99.9
Spain,ESP,MNCH_SAB,2022,99.9
State of Palestine,PSE,MNCH_ANC4,2020,94.8
State of Palestine,PSE,MNCH_SAB,2020,99.7
Sub-Saharan Africa,UNICEF_SSA,MNCH_ANC4,2018,53.1
Sub-Saharan Africa,UNICEF_SSA,MNCH_ANC4,2019,54.1
Sub-Saharan Africa,UNICEF_SSA,MNCH_ANC4,2020,55.0
Sub-Saharan Africa,UNICEF_SSA,MNCH_ANC4,2021,56.1
Sub-Saharan Africa,UNICEF_SSA,MNCH_ANC4,2022,56.9
Sub-Saharan Africa,UNSDG_SUBSAHARANAFRICA,MNCH_ANC4,2018,53.0
Sub-Saharan Africa,UNSDG_SUBSAHARANAFRICA,MNCH_ANC4,2019,54.1
Sub-Saharan Africa,UNSDG_SUBSAHARANAFRICA,MNCH_ANC4,2020,55.0
Sub-Saharan Africa,UNSDG_SUBSAHARANAFRICA,MNCH_ANC4,2021,56.0
Sub-Saharan Africa,UNSDG_SUBSAHARANAFRICA,MNCH_ANC4,2022,56.9
Sub-Saharan Africa,UNICEF_SSA,MNCH_SAB,2018,64.4
Sub-Saharan Africa,UNICEF_SSA,MNCH_SAB,2019,66.6
Sub-Saharan Africa,UNICEF_SSA,MNCH_SAB,2020,68.5
Sub-Saharan Africa,UNICEF_SSA,MNCH_SAB,2021,70.3
Sub-Saharan Africa,UNICEF_SSA,MNCH_SAB,2022,72.0
Sub-Saharan Africa,UNSDG_SUBSAHARANAFRICA,MNCH_SAB,2018,63.7
Sub-Saharan Africa,UNSDG_SUBSAHARANAFRICA,MNCH_SAB,2019,65.9
Sub-Saharan Africa,UNSDG_SUBSAHARANAFRICA,MNCH_SAB,2020,67.9
Sub-Saharan Africa,UNSDG_SUBSAHARANAFRICA,MNCH_SAB,2021,69.7
Sub-Saharan Africa,UNSDG_SUBSAHARANAFRICA,MNCH_SAB,2022,71.4
Suriname,SUR,MNCH_ANC4,2018,67.5
Suriname,SUR,MNCH_SAB,2018,98.4
Suriname,SUR,MNCH_SAB,2021,100.0
Thailand,THA,MNCH_ANC4,2019,90.0
Thailand,THA,MNCH_ANC4,2022,88.3
Thailand,THA,MNCH_SAB,2019,99.1
Thailand,THA,MNCH_SAB,2022,99.6
Timor-Leste,TLS,MNCH_ANC4,2020,83.1
Tonga,TON,MNCH_ANC4,2019,88.5
Tonga,TON,MNCH_SAB,2019,98.3
Tunisia,TUN,MNCH_ANC4,2018,84.1
Tunisia,TUN,MNCH_SAB,2018,99.5
Turkmenistan,TKM,MNCH_ANC4,2019,97.6
Turkmenistan,TKM,MNCH_SAB,2019,100.0
Turkmenistan,TKM,MNCH_SAB,2021,99.9
Turkmenistan,TKM,MNCH_SAB,2022,99.7
Turks and Caicos Islands,TCA,MNCH_ANC4,2020,93.2
Turks and Caicos Islands,TCA,MNCH_SAB,2020,100.0
Tuvalu,TUV,MNCH_ANC4,2020,60.3
Tuvalu,TUV,MNCH_SAB,2020,99.5
Türkiye,TUR,MNCH_ANC4,2018,89.7
Türkiye,TUR,MNCH_SAB,2018,99.2
Türkiye,TUR,MNCH_SAB,2019,97.0
UNICEF Programme Regions - Global,UNICEF_PROG_REG_GLOBAL,MNCH_ANC4,2018,67.5
UNICEF Programme Regions - Global,UNICEF_PROG_REG_GLOBAL,MNCH_ANC4,2019,68.2
UNICEF Programme Regions - Global,UNICEF_PROG_REG_GLOBAL,MNCH_ANC4,2020,68.4
UNICEF Programme Regions - Global,UNICEF_PROG_REG_GLOBAL,MNCH_ANC4,2021,68.9
UNICEF Programme Regions - Global,UNICEF_PROG_REG_GLOBAL,MNCH_ANC4,2022,69.4
UNICEF Programme Regions - Global,UNICEF_PROG_REG_GLOBAL,MNCH_SAB,2018,82.5
UNICEF Programme Regions - Global,UNICEF_PROG_REG_GLOBAL,MNCH_SAB,2019,83.3
UNICEF Programme Regions - Global,UNICEF_PROG_REG_GLOBAL,MNCH_SAB,2020,83.9
UNICEF Programme Regions - Global,UNICEF_PROG_REG_GLOBAL,MNCH_SAB,2021,84.7
UNICEF Programme Regions - Global,UNICEF_PROG_REG_GLOBAL,MNCH_SAB,2022,85.5
UNICEF reporting regions - Global,UNICEF_REP_REG_GLOBAL,MNCH_ANC4,2018,67.5
UNICEF reporting regions - Global,UNICEF_REP_REG_GLOBAL,MNCH_ANC4,2019,68.2
UNICEF reporting regions - Global,UNICEF_REP_REG_GLOBAL,MNCH_ANC4,2020,68.4
UNICEF reporting regions - Global,UNICEF_REP_REG_GLOBAL,MNCH_ANC4,2021,68.9
UNICEF reporting regions - Global,UNICEF_REP_REG_GLOBAL,MNCH_ANC4,2022,69.4
UNICEF reporting regions - Global,UNICEF_REP_REG_GLOBAL,MNCH_SAB,2018,82.5
UNICEF reporting regions - Global,UNICEF_REP_REG_GLOBAL,MNCH_SAB,2019,83.3
UNICEF reporting regions - Global,UNICEF_REP_REG_GLOBAL,MNCH_SAB,2020,83.9
UNICEF reporting regions - Global,UNICEF_REP_REG_GLOBAL,MNCH_SAB,2021,84.7
UNICEF reporting regions - Global,UNICEF_REP_REG_GLOBAL,MNCH_SAB,2022,85.5
Uganda,UGA,MNCH_ANC4,2018,56.7
Uganda,UGA,MNCH_SAB,2022,91.0
United Arab Emirates,ARE,MNCH_SAB,2018,99.2
United Arab Emirates,ARE,MNCH_SAB,2019,100.0
United Arab Emirates,ARE,MNCH_SAB,2020,100.0
United Arab Emirates,ARE,MNCH_SAB,2021,100.0
United Arab Emirates,ARE,MNCH_SAB,2022,99.9
United Republic of Tanzania,TZA,MNCH_ANC4,2022,65.1
United Republic of Tanzania,TZA,MNCH_SAB,2022,85.0
United States,USA,MNCH_SAB,2018,99.1
United States,USA,MNCH_SAB,2019,99.0
United States,USA,MNCH_SAB,2020,99.1
United States,USA,MNCH_SAB,2021,98.6
Uruguay,URY,MNCH_ANC4,2020,96.8
Uruguay,URY,MNCH_ANC4,2022,97.3
Uruguay,URY,MNCH_SAB,2018,100.0
Uruguay,URY,MNCH_SAB,2019,100.0
Uruguay,URY,MNCH_SAB,2020,100.0
Uruguay,URY,MNCH_SAB,2021,100.0
Uzbekistan,UZB,MNCH_ANC4,2022,89.5
Uzbekistan,UZB,MNCH_SAB,2018,100.0
Uzbekistan,UZB,MNCH_SAB,2019,100.0
Uzbekistan,UZB,MNCH_SAB,2020,100.0
Uzbekistan,UZB,MNCH_SAB,2022,99.0
Venezuela (Bolivarian Republic of),VEN,MNCH_SAB,2018,98.7
Viet Nam,VNM,MNCH_ANC4,2021,88.2
Viet Nam,VNM,MNCH_SAB,2021,96.1
West and Central Africa,UNFPA_WCA,MNCH_ANC4,2018,55.4
West and Central Africa,UNFPA_WCA,MNCH_ANC4,2019,56.4
West and Central Africa,UNFPA_WCA,MNCH_ANC4,2020,57.4
West and Central Africa,UNFPA_WCA,MNCH_ANC4,2021,58.4
West and Central Africa,UNFPA_WCA,MNCH_ANC4,2022,59.1
West and Central Africa,UNICEF_WCA,MNCH_ANC4,2018,53.2
West and Central Africa,UNICEF_WCA,MNCH_ANC4,2019,54.0
West and Central Africa,UNICEF_WCA,MNCH_ANC4,2020,54.8
West and Central Africa,UNICEF_WCA,MNCH_ANC4,2021,55.7
West and Central Africa,UNICEF_WCA,MNCH_ANC4,2022,56.4
West and Central Africa,UNICEF_WCARO,MNCH_ANC4,2018,53.2
West and Central Africa,UNICEF_WCARO,MNCH_ANC4,2019,54.0
West and Central Africa,UNICEF_WCARO,MNCH_ANC4,2020,54.8
West and Central Africa,UNICEF_WCARO,MNCH_ANC4,2021,55.7
West and Central Africa,UNICEF_WCARO,MNCH_ANC4,2022,56.4
West and Central Africa,UNFPA_WCA,MNCH_SAB,2018,56.5
West and Central Africa,UNFPA_WCA,MNCH_SAB,2019,58.1
West and Central Africa,UNFPA_WCA,MNCH_SAB,2020,59.7
West and Central Africa,UNFPA_WCA,MNCH_SAB,2021,61.3
West and Central Africa,UNFPA_WCA,MNCH_SAB,2022,62.8
West and Central Africa,UNICEF_WCA,MNCH_SAB,2018,61.8
West and Central Africa,UNICEF_WCA,MNCH_SAB,2019,63.3
West and Central Africa,UNICEF_WCA,MNCH_SAB,2020,64.8
West and Central Africa,UNICEF_WCA,MNCH_SAB,2021,66.3
West and Central Africa,UNICEF_WCA,MNCH_SAB,2022,67.7
West and Central Africa,UNICEF_WCARO,MNCH_SAB,2018,61.8
West and Central Africa,UNICEF_WCARO,MNCH_SAB,2019,63.3
West and Central Africa,UNICEF_WCARO,MNCH_SAB,2020,64.8
West and Central Africa,UNICEF_WCARO,MNCH_SAB,2021,66.3
West and Central Africa,UNICEF_WCARO,MNCH_SAB,2022,67.7
Western Africa,UNSDG_WESTERNAFR,MNCH_ANC4,2018,55.6
Western Africa,UNSDG_WESTERNAFR,MNCH_ANC4,2019,56.7
Western Africa,UNSDG_WESTERNAFR,MNCH_ANC4,2020,57.8
Western Africa,UNSDG_WESTERNAFR,MNCH_ANC4,2021,58.8
Western Africa,UNSDG_WESTERNAFR,MNCH_ANC4,2022,59.5
Western Africa,UNSDG_WESTERNAFR,MNCH_SAB,2018,56.1
Western Africa,UNSDG_WESTERNAFR,MNCH_SAB,2019,57.6
Western Africa,UNSDG_WESTERNAFR,MNCH_SAB,2020,59.1
Western Africa,UNSDG_WESTERNAFR,MNCH_SAB,2021,60.6
Western Africa,UNSDG_WESTERNAFR,MNCH_SAB,2022,62.1
Western Africa (African Union),AU_WESTERN_AFRICA,MNCH_ANC4,2018,55.7
Western Africa (African Union),AU_WESTERN_AFRICA,MNCH_ANC4,2019,56.8
Western Africa (African Union),AU_WESTERN_AFRICA,MNCH_ANC4,2020,57.9
Western Africa (African Union),AU_WESTERN_AFRICA,MNCH_ANC4,2021,58.9
Western Africa (African Union),AU_WESTERN_AFRICA,MNCH_ANC4,2022,59.7
Western Africa (African Union),AU_WESTERN_AFRICA,MNCH_SAB,2018,55.9
Western Africa (African Union),AU_WESTERN_AFRICA,MNCH_SAB,2019,57.4
Western Africa (African Union),AU_WESTERN_AFRICA,MNCH_SAB,2020,59.0
Western Africa (African Union),AU_WESTERN_AFRICA,MNCH_SAB,2021,60.5
Western Africa (African Union),AU_WESTERN_AFRICA,MNCH_SAB,2022,62.0
Western Asia,UNSDG_WESTERNASIA,MNCH_ANC4,2018,69.8
Western Asia,UNSDG_WESTERNASIA,MNCH_ANC4,2019,70.1
Western Asia,UNSDG_WESTERNASIA,MNCH_ANC4,2020,70.2
Western Asia,UNSDG_WESTERNASIA,MNCH_ANC4,2021,70.7
Western Asia,UNSDG_WESTERNASIA,MNCH_ANC4,2022,71.0
Western Asia,UNSDG_WESTERNASIA,MNCH_SAB,2018,89.3
Western Asia,UNSDG_WESTERNASIA,MNCH_SAB,2019,89.7
Western Asia,UNSDG_WESTERNASIA,MNCH_SAB,2020,90.2
Western Asia,UNSDG_WESTERNASIA,MNCH_SAB,2021,90.6
Western Asia,UNSDG_WESTERNASIA,MNCH_SAB,2022,91.1
Western Europe,UNICEF_WE,MNCH_SAB,2018,98.8
Western Europe,UNICEF_WE,MNCH_SAB,2019,98.7
Western Europe,UNICEF_WE,MNCH_SAB,2020,98.7
Western Europe,UNICEF_WE,MNCH_SAB,2021,98.7
Western Europe,UNICEF_WE,MNCH_SAB,2022,98.7
Western Pacific,WHO_WPRO,MNCH_ANC4,2018,89.6
Western Pacific,WHO_WPRO,MNCH_ANC4,2019,90.2
Western Pacific,WHO_WPRO,MNCH_ANC4,2020,90.7
Western Pacific,WHO_WPRO,MNCH_ANC4,2021,91.2
Western Pacific,WHO_WPRO,MNCH_ANC4,2022,91.5
Western Pacific,WHO_WPRO,MNCH_SAB,2018,97.2
Western Pacific,WHO_WPRO,MNCH_SAB,2019,97.3
Western Pacific,WHO_WPRO,MNCH_SAB,2020,97.2
Western Pacific,WHO_WPRO,MNCH_SAB,2021,97.2
Western Pacific,WHO_WPRO,MNCH_SAB,2022,97.4
World Bank (high income),WB_HI,MNCH_ANC4,2018,95.2
World Bank (high income),WB_HI,MNCH_ANC4,2019,95.5
World Bank (high income),WB_HI,MNCH_ANC4,2020,95.8
World Bank (high income),WB_HI,MNCH_ANC4,2021,96.0
World Bank (high income),WB_HI,MNCH_ANC4,2022,96.2
World Bank (high income),WB_HI,MNCH_SAB,2018,99.0
World Bank (high income),WB_HI,MNCH_SAB,2019,98.9
World Bank (high income),WB_HI,MNCH_SAB,2020,98.9
World Bank (high income),WB_HI,MNCH_SAB,2021,98.9
World Bank (high income),WB_HI,MNCH_SAB,2022,98.9
World Bank (low income),WB_LI,MNCH_ANC4,2018,44.8
World Bank (low income),WB_LI,MNCH_ANC4,2019,46.0
World Bank (low income),WB_LI,MNCH_ANC4,2020,47.0
World Bank (low income),WB_LI,MNCH_ANC4,2021,48.0
World Bank (low income),WB_LI,MNCH_ANC4,2022,49.0
World Bank (low income),WB_LI,MNCH_SAB,2018,65.5
World Bank (low income),WB_LI,MNCH_SAB,2019,67.9
World Bank (low income),WB_LI,MNCH_SAB,2020,70.1
World Bank (low income),WB_LI,MNCH_SAB,2021,72.1
World Bank (low income),WB_LI,MNCH_SAB,2022,73.9
World Bank (lower middle income),WB_LMI,MNCH_ANC4,2018,59.5
World Bank (lower middle income),WB_LMI,MNCH_ANC4,2019,60.7
World Bank (lower middle income),WB_LMI,MNCH_ANC4,2020,61.9
World Bank (lower middle income),WB_LMI,MNCH_ANC4,2021,63.0
World Bank (lower middle income),WB_LMI,MNCH_ANC4,2022,64.1
World Bank (lower middle income),WB_LMI,MNCH_SAB,2018,75.9
World Bank (lower middle income),WB_LMI,MNCH_SAB,2019,77.3
World Bank (lower middle income),WB_LMI,MNCH_SAB,2020,78.5
World Bank (lower middle income),WB_LMI,MNCH_SAB,2021,79.8
World Bank (lower middle income),WB_LMI,MNCH_SAB,2022,81.0
World Bank (upper middle income),WB_UMI,MNCH_ANC4,2018,89.0
World Bank (upper middle income),WB_UMI,MNCH_ANC4,2019,89.4
World Bank (upper middle income),WB_UMI,MNCH_ANC4,2020,89.8
World Bank (upper middle income),WB_UMI,MNCH_ANC4,2021,90.2
World Bank (upper middle income),WB_UMI,MNCH_ANC4,2022,90.7
World Bank (upper middle income),WB_UMI,MNCH_SAB,2018,97.8
World Bank (upper middle income),WB_UMI,MNCH_SAB,2019,97.8
World Bank (upper middle income),WB_UMI,MNCH_SAB,2020,97.8
World Bank (upper middle income),WB_UMI,MNCH_SAB,2021,97.8
World Bank (upper middle income),WB_UMI,MNCH_SAB,2022,97.9
Zambia,ZMB,MNCH_ANC4,2019,63.5
Zambia,ZMB,MNCH_SAB,2019,80.4
Zimbabwe,ZWE,MNCH_ANC4,2019,71.5
Zimbabwe,ZWE,MNCH_SAB,2019,86.0
